create_time,symbol,sum_open_interest,sum_open_interest_value,count_toptrader_long_short_ratio,sum_toptrader_long_short_ratio,count_long_short_ratio,sum_taker_long_short_vol_ratio
2024-07-15 00:05:00,BNBUSDT,427668.3100000000000000,233443120.2225274000000000,1.95946165,1.24005300,2.04952476,0.99157300
2024-07-15 00:10:00,BNBUSDT,427984.8800000000000000,233208961.1120000000000000,1.95704328,1.24068000,2.05097136,1.12342900
2024-07-15 00:15:00,BNBUSDT,428136.6100000000000000,233064726.3857000000000000,1.95626114,1.24171200,2.04679532,0.33568100
2024-07-15 00:20:00,BNBUSDT,0E-16,0E-16,1.96007790,1.24058800,2.04764288,0.60780700
2024-07-15 00:25:00,BNBUSDT,428274.9200000000000000,233415852.1102391200000000,1.96056475,1.24335900,2.04386053,0.86145200
2024-07-15 00:30:00,BNBUSDT,428502.0700000000000000,234485539.1481043000000000,1.95401554,1.24229700,2.03981639,1.42934200
2024-07-15 00:35:00,BNBUSDT,428138.8400000000000000,234432723.1941213000000000,1.96240846,1.24272900,2.04535876,0.67095500
2024-07-15 00:40:00,BNBUSDT,428553.4500000000000000,234415528.0903400000000000,1.96240846,1.24028100,2.04769076,0.61267300
2024-07-15 00:45:00,BNBUSDT,428653.2800000000000000,234404759.6352000000000000,1.96563518,1.23952500,2.04641604,0.51922800
2024-07-15 00:50:00,BNBUSDT,428815.9800000000000000,235313421.9359229800000000,1.97683207,1.24102500,2.06559042,2.00748100
2024-07-15 00:55:00,BNBUSDT,428875.4100000000000000,235397284.8246730000000000,1.97584224,1.24045900,2.06626690,0.90320500
2024-07-15 01:00:00,BNBUSDT,428963.3800000000000000,235090465.2124762200000000,1.98075974,1.23944600,2.07488807,0.68051900
2024-07-15 01:05:00,BNBUSDT,428762.3400000000000000,234695929.6692000000000000,1.99109352,1.23734600,2.09055601,0.33746800
2024-07-15 01:10:00,BNBUSDT,429399.1800000000000000,235297868.6646000000000000,1.99290897,1.23342700,2.08990601,1.39259800
2024-07-15 01:15:00,BNBUSDT,429358.2400000000000000,235322156.7507512300000000,1.99225190,1.23521100,2.08882990,1.01731900
2024-07-15 01:20:00,BNBUSDT,430057.9300000000000000,236302439.8077595800000000,1.98795578,1.23396400,2.09472496,2.22884500
2024-07-15 01:25:00,BNBUSDT,430130.4100000000000000,236390608.5698796800000000,1.99372212,1.23641600,2.10120210,0.48268800
2024-07-15 01:30:00,BNBUSDT,430275.3800000000000000,235860289.8825570000000000,1.99603043,1.23493900,2.10026710,0.70302100
2024-07-15 01:35:00,BNBUSDT,429762.0200000000000000,235019658.2572000000000000,1.98614547,1.23532400,2.08608527,0.77833700
2024-07-15 01:40:00,BNBUSDT,429441.1100000000000000,234616561.6263000000000000,1.99172733,1.23439700,2.09615780,1.05453900
2024-07-15 01:45:00,BNBUSDT,429637.8500000000000000,234880253.4822092000000000,1.98747322,1.23475400,2.09644099,2.88661000
2024-07-15 01:50:00,BNBUSDT,429652.0200000000000000,235042609.8682456000000000,1.98994063,1.23467500,2.10013310,0.81291500
2024-07-15 01:55:00,BNBUSDT,429589.4900000000000000,235105916.6909175000000000,2.04710992,1.24762600,2.09590021,1.91270600
2024-07-15 02:00:00,BNBUSDT,426704.9400000000000000,232976630.1906000000000000,2.07310089,1.23571100,2.12135572,0.59426900
2024-07-15 02:05:00,BNBUSDT,426328.8700000000000000,232715876.9782000000000000,2.07550986,1.23845800,2.11807055,0.57277100
2024-07-15 02:10:00,BNBUSDT,426374.7100000000000000,233141691.4280000000000000,2.07260782,1.23895000,2.11550714,2.43466900
2024-07-15 02:15:02,BNBUSDT,0E-16,0E-16,2.06984180,1.23669200,2.11674031,3.24858600
2024-07-15 02:20:00,BNBUSDT,426811.7700000000000000,233551400.5440000000000000,2.07311321,1.23918100,2.11723004,1.20543000
2024-07-15 02:25:00,BNBUSDT,426760.8000000000000000,233449140.4983008000000000,2.07727349,1.23963900,2.12053893,0.81059100
2024-07-15 02:30:01,BNBUSDT,426506.4100000000000000,235081162.3744010300000000,2.05047956,1.23652800,2.09950505,1.82745400
2024-07-15 02:35:00,BNBUSDT,425713.4000000000000000,235780161.8466208000000000,2.03910991,1.23694200,2.11551293,1.15013500
2024-07-15 02:40:00,BNBUSDT,426220.6900000000000000,235508183.8502166600000000,2.03705575,1.23807400,2.10056156,0.93587900
2024-07-15 02:45:00,BNBUSDT,426529.0900000000000000,235299955.4710024300000000,2.03670652,1.23699300,2.10278818,0.96611000
2024-07-15 02:50:00,BNBUSDT,426036.0500000000000000,235436041.9510000000000000,2.04306140,1.24060000,2.09878719,1.01388600
2024-07-15 02:55:00,BNBUSDT,426243.3700000000000000,235779062.2991576200000000,2.03896540,1.24002800,2.09800062,1.67472900
2024-07-15 03:00:00,BNBUSDT,426170.6400000000000000,235452972.3442163200000000,2.03860356,1.23833600,2.10665007,1.00525000
2024-07-15 03:05:00,BNBUSDT,425978.0300000000000000,235205171.7417866300000000,2.03962391,1.23739700,2.11062636,0.51312200
2024-07-15 03:10:00,BNBUSDT,425842.8400000000000000,235110118.7741182000000000,2.04201681,1.23738600,2.11061487,1.12351100
2024-07-15 03:15:00,BNBUSDT,0E-16,0E-16,2.03676347,1.23797500,2.10064195,1.15547300
2024-07-15 03:20:00,BNBUSDT,425649.2600000000000000,235085983.8229406500000000,2.03543241,1.23731800,2.09811633,0.57390700
2024-07-15 03:25:00,BNBUSDT,425709.7500000000000000,235289778.8250000000000000,2.03067382,1.23727700,2.09289109,1.32568400
2024-07-15 03:30:00,BNBUSDT,425912.4900000000000000,235393393.4560945300000000,2.02763356,1.23871500,2.08977402,0.58906800
2024-07-15 03:35:00,BNBUSDT,425812.7100000000000000,235397782.3422000000000000,2.03017603,1.23836400,2.09322734,0.52456200
2024-07-15 03:40:00,BNBUSDT,425891.0800000000000000,235032251.4088000000000000,2.03067896,1.23825500,2.09180937,0.51752100
2024-07-15 03:45:00,BNBUSDT,425890.5700000000000000,235229216.0925620800000000,2.03051643,1.23641800,2.08955070,0.57664200
2024-07-15 03:50:00,BNBUSDT,425885.5700000000000000,235623077.3854742600000000,2.02679618,1.23644100,2.08964308,1.70195800
2024-07-15 03:55:00,BNBUSDT,425940.2400000000000000,235822715.1101756000000000,2.02594142,1.23593600,2.08811708,1.02301300
2024-07-15 04:00:01,BNBUSDT,426037.7600000000000000,235861415.7723805000000000,2.02123746,1.23619300,2.08955840,1.23319200
2024-07-15 04:05:00,BNBUSDT,425758.9000000000000000,236108855.5840000000000000,2.02225197,1.23505300,2.09397914,0.97394300
2024-07-15 04:10:00,BNBUSDT,425809.7800000000000000,235681455.1322000000000000,2.01769912,1.23462000,2.08592303,0.60061000
2024-07-15 04:15:00,BNBUSDT,426100.1700000000000000,235744180.0542000000000000,2.00748752,1.23500800,2.07253355,2.16454200
2024-07-15 04:20:00,BNBUSDT,426129.5500000000000000,235973499.6080000000000000,2.00783072,1.23563400,2.07142857,0.85017100
2024-07-15 04:25:00,BNBUSDT,426285.7500000000000000,236158381.5098312500000000,2.00666223,1.23572100,2.07231384,1.44306300
2024-07-15 04:30:00,BNBUSDT,0E-16,0E-16,2.00483414,1.23412300,2.07395630,1.61624200
2024-07-15 04:35:00,BNBUSDT,426341.0500000000000000,235825479.8156182200000000,2.01321070,1.23433900,2.07837699,0.58144600
2024-07-15 04:40:00,BNBUSDT,426225.3700000000000000,235536401.7157000000000000,2.01708257,1.23572200,2.07533614,0.62934900
2024-07-15 04:45:01,BNBUSDT,426272.2300000000000000,235538155.7490132000000000,2.01910828,1.23533600,2.07628337,0.31942700
2024-07-15 04:50:00,BNBUSDT,426385.1100000000000000,235526607.0618000000000000,2.01807531,1.23488700,2.07526661,0.96783600
2024-07-15 04:55:00,BNBUSDT,426440.5300000000000000,235511529.7754637300000000,2.01706256,1.23338700,2.07475390,0.37428600
2024-07-15 05:00:00,BNBUSDT,426412.3500000000000000,235750595.9445000000000000,2.01068269,1.23395000,2.06632601,3.12165200
2024-07-15 05:05:00,BNBUSDT,426553.7200000000000000,235594150.6304000000000000,2.01605888,1.23336500,2.06966039,1.05105100
2024-07-15 05:10:00,BNBUSDT,426784.5700000000000000,236101491.9697000000000000,2.00066644,1.23378700,2.05193483,2.38512600
2024-07-15 05:15:00,BNBUSDT,426869.8700000000000000,236157218.1801000000000000,2.00049975,1.23396300,2.05191897,1.54383800
2024-07-15 05:20:00,BNBUSDT,427062.4100000000000000,236447373.9206000000000000,1.99950017,1.23373600,2.04985248,1.76186800
2024-07-15 05:25:00,BNBUSDT,426991.5900000000000000,236278791.2754016800000000,2.00183394,1.23360000,2.05188727,0.83529400
2024-07-15 05:30:00,BNBUSDT,427069.0600000000000000,236318664.3510000000000000,2.00000000,1.23325500,2.05084401,1.49898800
2024-07-15 05:35:00,BNBUSDT,427771.5000000000000000,237340217.1601946700000000,1.99700449,1.23512300,2.04761905,2.87101600
2024-07-15 05:40:00,BNBUSDT,427641.7800000000000000,237454308.1013524500000000,1.99301048,1.23495500,2.05041247,1.39266400
2024-07-15 05:45:01,BNBUSDT,427529.4500000000000000,237390002.4070000000000000,1.99799867,1.23444000,2.06127877,1.09455100
2024-07-15 05:50:00,BNBUSDT,427583.3200000000000000,237809015.0844000000000000,1.99700050,1.23296200,2.06487925,0.67143500
2024-07-15 05:55:00,BNBUSDT,427767.0700000000000000,237393613.1672000000000000,1.99850000,1.23549000,2.05856545,0.89285400
2024-07-15 06:00:00,BNBUSDT,427630.4200000000000000,237121067.8900000000000000,1.91703199,1.23381000,2.01277666,0.61093900
2024-07-15 06:05:00,BNBUSDT,427514.9500000000000000,236924510.1405000000000000,1.91150299,1.23527300,2.00742227,1.15787900
2024-07-15 06:10:00,BNBUSDT,427447.1000000000000000,237110211.0141578300000000,1.90869425,1.23474900,2.00130117,0.55469700
2024-07-15 06:15:00,BNBUSDT,0E-16,0E-16,1.90450073,1.23213200,1.99919992,1.73304500
2024-07-15 06:20:00,BNBUSDT,427957.0600000000000000,237887915.5667715400000000,1.90702179,1.23114800,2.00390312,0.95006400
2024-07-15 06:25:00,BNBUSDT,428219.3400000000000000,238056352.6125060000000000,1.90975137,1.23111900,2.00580232,1.16053500
2024-07-15 06:30:00,BNBUSDT,428165.1400000000000000,238098352.7026000000000000,1.90956072,1.23134500,2.00540162,0.77895000
2024-07-15 06:35:00,BNBUSDT,428084.6400000000000000,238073819.3327240300000000,1.90797546,1.23157300,2.00961827,0.83624200
2024-07-15 06:40:00,BNBUSDT,428286.4200000000000000,238160171.3488987700000000,1.91129423,1.23198700,2.00971360,1.24210900
2024-07-15 06:45:00,BNBUSDT,428143.0600000000000000,238346207.0013312700000000,1.91285368,1.23611700,2.00640256,0.52087200
2024-07-15 06:50:00,BNBUSDT,428512.9500000000000000,238626006.4665000000000000,1.90969305,1.23541100,2.00670335,1.35395400
2024-07-15 06:55:00,BNBUSDT,428770.1800000000000000,238876847.7665152500000000,1.91519663,1.23644600,2.01725868,0.92888600
2024-07-15 07:00:00,BNBUSDT,428764.1100000000000000,238751384.2088459000000000,1.91075182,1.23629200,2.01251878,0.67391500
2024-07-15 07:05:00,BNBUSDT,428659.1300000000000000,238382131.9658197500000000,1.90749112,1.23763700,2.01250625,0.31740500
2024-07-15 07:10:00,BNBUSDT,428632.7400000000000000,238697536.0249796800000000,1.89793947,1.23656400,1.99910332,1.42406200
2024-07-15 07:15:00,BNBUSDT,428792.7800000000000000,239010184.4955527500000000,1.89813325,1.23429700,2.00159442,1.74266800
2024-07-15 07:20:00,BNBUSDT,429043.9200000000000000,239081161.3689906600000000,1.90133806,1.23347500,2.00678846,1.25343500
2024-07-15 07:25:00,BNBUSDT,429141.7700000000000000,239014655.5254694200000000,1.90191966,1.23508300,2.01009293,0.52115000
2024-07-15 07:30:00,BNBUSDT,429015.7600000000000000,238670047.6032000000000000,1.90424673,1.23431800,2.01320264,0.71259900
2024-07-15 07:35:00,BNBUSDT,428872.8900000000000000,238612881.5449136800000000,1.87496003,1.23452200,1.98631495,0.40277400
2024-07-15 07:40:00,BNBUSDT,428293.6900000000000000,238696639.3108000000000000,1.87866176,1.23184600,1.99095338,0.75609200
2024-07-15 07:45:00,BNBUSDT,427494.6600000000000000,239828779.2066000000000000,1.84481381,1.22841200,1.98688591,1.39495600
2024-07-15 07:50:00,BNBUSDT,427638.6200000000000000,239522088.2656023000000000,1.85613698,1.23063700,1.99263965,1.07006700
2024-07-15 07:55:00,BNBUSDT,427506.7000000000000000,239066021.7070000000000000,1.85718855,1.23019600,1.99365303,0.84639800
2024-07-15 08:00:01,BNBUSDT,425893.0500000000000000,237984777.4095000000000000,1.87371465,1.22774700,2.01073200,0.40919300
2024-07-15 08:05:00,BNBUSDT,425951.4600000000000000,238600969.8336000000000000,1.87727200,1.22833400,2.01753497,0.80489200
2024-07-15 08:10:00,BNBUSDT,425749.2400000000000000,238307852.7330080600000000,1.87807624,1.22862700,2.02404627,0.59182000
2024-07-15 08:15:00,BNBUSDT,425836.8900000000000000,238221673.0038000000000000,1.87493980,1.23000600,2.02046191,1.08377800
2024-07-15 08:20:00,BNBUSDT,425980.2500000000000000,238933091.3536403800000000,1.87453875,1.22844500,2.02044121,1.26335000
2024-07-15 08:25:00,BNBUSDT,425846.8900000000000000,239336479.5580015800000000,1.87135533,1.22734800,2.02012540,1.13117000
2024-07-15 08:30:00,BNBUSDT,425804.7100000000000000,239046764.1940000000000000,1.87045637,1.22627800,2.02054032,0.81105800
2024-07-15 08:35:00,BNBUSDT,425877.1400000000000000,239127201.7493893500000000,1.86790341,1.22560300,2.01414856,0.79410600
2024-07-15 08:40:00,BNBUSDT,426136.2700000000000000,239569549.6313000000000000,1.86889707,1.22278600,2.01374293,1.17884800
2024-07-15 08:45:00,BNBUSDT,426135.6600000000000000,239784626.5300391000000000,1.86919629,1.22187000,2.01677785,1.27218400
2024-07-15 08:50:00,BNBUSDT,425678.9900000000000000,238299355.3919000000000000,1.87010276,1.22282200,2.02424919,0.69218600
2024-07-15 08:55:00,BNBUSDT,425342.7200000000000000,237937615.4409613600000000,1.86365090,1.22203700,2.01767498,1.27168800
2024-07-15 09:00:00,BNBUSDT,425525.0600000000000000,238316195.8387274000000000,1.86168344,1.22206300,2.01299224,1.13675100
2024-07-15 09:05:00,BNBUSDT,425039.4100000000000000,237363258.5145000000000000,1.85092474,1.22445400,1.99158654,0.62034400
2024-07-15 09:10:00,BNBUSDT,423717.1900000000000000,236217781.7320670500000000,1.84830116,1.22822500,1.97791104,0.58904700
2024-07-15 09:15:00,BNBUSDT,423148.2300000000000000,236116712.3400000000000000,1.84078968,1.23094500,1.97138584,0.81066800
2024-07-15 09:20:00,BNBUSDT,423231.3600000000000000,236497021.2027130000000000,1.82262170,1.23166800,1.95815483,1.26906700
2024-07-15 09:25:00,BNBUSDT,423166.9000000000000000,236842282.2610000000000000,1.82560917,1.23154300,1.96309227,0.96031500
2024-07-15 09:30:00,BNBUSDT,423259.5800000000000000,237021132.2042000000000000,1.82534628,1.23237300,1.96094451,0.94907100
2024-07-15 09:35:00,BNBUSDT,426804.9700000000000000,239936691.2941396200000000,1.79977946,1.24116200,1.92855737,1.50251000
2024-07-15 09:40:00,BNBUSDT,425278.5600000000000000,238827933.7248000000000000,1.80208333,1.23942400,1.93170154,0.66778500
2024-07-15 09:45:00,BNBUSDT,425070.5400000000000000,238249541.5452707700000000,1.80420354,1.23974200,1.93189893,0.52410100
2024-07-15 09:50:00,BNBUSDT,424805.7700000000000000,238342582.9508775200000000,1.80502449,1.24026000,1.93159192,1.53763700
2024-07-15 09:55:00,BNBUSDT,424799.1800000000000000,238291100.0210000000000000,1.80423113,1.24014000,1.93096997,0.92035500
2024-07-15 10:00:00,BNBUSDT,424794.3600000000000000,238292644.1856000000000000,1.80707853,1.24122500,1.93118724,0.52799400
2024-07-15 10:05:00,BNBUSDT,424940.3000000000000000,238315855.7661989000000000,1.80723653,1.24190900,1.93232343,0.60195000
2024-07-15 10:10:00,BNBUSDT,424909.5900000000000000,238047099.6057000000000000,1.80720038,1.24256300,1.93169533,0.50771300
2024-07-15 10:15:00,BNBUSDT,425151.5200000000000000,238305929.9904000000000000,1.80716427,1.24180500,1.93225331,0.69999900
2024-07-15 10:20:00,BNBUSDT,425529.5000000000000000,238860288.7793174400000000,1.79575805,1.23761700,1.92117359,2.04945400
2024-07-15 10:25:00,BNBUSDT,425728.7200000000000000,239124854.7138027000000000,1.78379651,1.23820700,1.90914414,1.04947700
2024-07-15 10:30:00,BNBUSDT,425776.4300000000000000,239313780.7470117800000000,1.77003267,1.24092000,1.89552672,0.62941800
2024-07-15 10:35:00,BNBUSDT,425994.0400000000000000,239405148.1444405000000000,1.77005597,1.24433200,1.89287441,0.60848500
2024-07-15 10:40:00,BNBUSDT,425535.0000000000000000,238808947.5821049000000000,1.77679128,1.24335800,1.89857737,0.30836600
2024-07-15 10:45:00,BNBUSDT,425366.3900000000000000,238806246.8607512400000000,1.77774314,1.24267600,1.89729207,0.72254200
2024-07-15 10:50:00,BNBUSDT,425255.8000000000000000,238334613.1100000000000000,1.77421364,1.24308400,1.89339905,0.49793900
2024-07-15 10:55:00,BNBUSDT,425297.7400000000000000,238010781.0913531000000000,1.76495262,1.24152300,1.87993453,0.60116100
2024-07-15 11:00:00,BNBUSDT,425192.3600000000000000,237605994.6152000000000000,1.74679239,1.24057900,1.85952472,1.12600100
2024-07-15 11:05:00,BNBUSDT,425157.3200000000000000,237924494.0460555000000000,1.75038664,1.24052900,1.86739380,0.95365500
2024-07-15 11:10:00,BNBUSDT,425360.6000000000000000,238081381.4769968700000000,1.73886920,1.23937300,1.85974447,1.88410100
2024-07-15 11:15:00,BNBUSDT,425443.7400000000000000,238114614.2663348300000000,1.73718245,1.23947000,1.85850405,0.89166600
2024-07-15 11:20:00,BNBUSDT,425526.4500000000000000,237866616.5161924000000000,1.73905672,1.24058600,1.85977121,0.40551400
2024-07-15 11:25:00,BNBUSDT,425237.3400000000000000,238183938.8808000000000000,1.73240086,1.24294800,1.84375592,1.60064900
2024-07-15 11:30:00,BNBUSDT,425134.6300000000000000,238626729.1720824500000000,1.72889162,1.24367800,1.84114534,1.21722000
2024-07-15 11:35:00,BNBUSDT,425025.4500000000000000,238249208.8186746500000000,1.73652602,1.24341400,1.84400113,0.35613600
2024-07-15 11:40:00,BNBUSDT,425325.1100000000000000,238975529.0111055700000000,1.73404092,1.24510200,1.83803415,1.23598600
2024-07-15 11:45:00,BNBUSDT,425350.8600000000000000,238843335.5877203600000000,1.73400984,1.24528000,1.83670970,0.67931400
2024-07-15 11:50:00,BNBUSDT,425907.5700000000000000,239636539.9735469800000000,1.73081645,1.24440800,1.83189087,1.75920200
2024-07-15 11:55:00,BNBUSDT,426243.5200000000000000,239979364.1952000000000000,1.73176723,1.24536200,1.83349021,1.30367900
2024-07-15 12:00:01,BNBUSDT,426027.3800000000000000,239457209.4766000000000000,1.73325138,1.24719000,1.83060418,0.52094100
2024-07-15 12:05:00,BNBUSDT,427559.0100000000000000,241401584.1388371600000000,1.72242647,1.25113500,1.82834765,1.90780100
2024-07-15 12:10:00,BNBUSDT,427717.6900000000000000,241464825.8203876000000000,1.71328137,1.25152900,1.81964892,1.32113700
2024-07-15 12:15:00,BNBUSDT,427618.7200000000000000,241185510.4544000000000000,1.71796050,1.25107800,1.82063627,0.38875700
2024-07-15 12:20:00,BNBUSDT,427753.1300000000000000,241400640.2186707000000000,1.72398467,1.24916000,1.82541781,0.61052200
2024-07-15 12:25:00,BNBUSDT,427198.5900000000000000,241381810.4275002800000000,1.72642233,1.25336700,1.82605415,0.61290500
2024-07-15 12:30:00,BNBUSDT,427193.9600000000000000,241709768.6721030800000000,1.72154223,1.25103700,1.82469857,1.13420000
2024-07-15 12:35:00,BNBUSDT,427940.9600000000000000,243618229.7088000000000000,1.69516104,1.25641100,1.80913648,1.75129400
2024-07-15 12:40:00,BNBUSDT,428731.4000000000000000,244762756.2600000000000000,1.68268648,1.26040800,1.79473883,1.19115400
2024-07-15 12:45:00,BNBUSDT,430774.2100000000000000,246165922.3045000000000000,1.67582252,1.26033900,1.78562067,0.97449500
2024-07-15 12:50:00,BNBUSDT,431687.0400000000000000,246652163.1313361200000000,1.66706695,1.26483000,1.78187075,0.79617500
2024-07-15 12:55:00,BNBUSDT,431592.3400000000000000,246447857.9868000000000000,1.66392092,1.26574100,1.77395988,0.68500900
2024-07-15 13:00:00,BNBUSDT,431406.0000000000000000,246204813.1159132000000000,1.67971102,1.26577700,1.77754040,0.54184300
2024-07-15 13:05:00,BNBUSDT,432077.3700000000000000,247280440.3568764300000000,1.67116712,1.26126200,1.77052671,2.16843100
2024-07-15 13:10:00,BNBUSDT,432245.6500000000000000,248036897.5361678300000000,1.66198446,1.26439000,1.76075541,1.16046000
2024-07-15 13:15:00,BNBUSDT,432412.7100000000000000,247817080.7483122300000000,1.66906259,1.26294100,1.76559912,0.63788900
2024-07-15 13:20:00,BNBUSDT,432200.1400000000000000,247680934.2298000000000000,1.67225633,1.26228300,1.76605125,0.72710600
2024-07-15 13:25:00,BNBUSDT,432169.6000000000000000,247279343.8588330100000000,1.67887155,1.26215900,1.76970477,0.48416100
2024-07-15 13:30:00,BNBUSDT,431883.4600000000000000,246864585.7360000000000000,1.67941794,1.26248100,1.76755715,0.93093100
2024-07-15 13:35:00,BNBUSDT,432073.8300000000000000,246312328.2681000000000000,1.67266457,1.26379600,1.76047685,0.52782300
2024-07-15 13:40:00,BNBUSDT,432045.6500000000000000,246650869.9454828500000000,1.67235955,1.26510200,1.76094523,1.32426500
2024-07-15 13:45:00,BNBUSDT,431855.2300000000000000,246675707.3760000000000000,1.67762269,1.26537200,1.76908957,0.96676300
2024-07-15 13:50:00,BNBUSDT,431557.2600000000000000,246127849.7253194700000000,1.68164738,1.26550700,1.76729906,0.92526600
2024-07-15 13:55:00,BNBUSDT,431492.2400000000000000,246679798.6856000000000000,1.68180451,1.26500200,1.76586974,1.23080900
2024-07-15 14:00:00,BNBUSDT,431395.6900000000000000,246201834.2399000000000000,1.68665261,1.26504900,1.77406319,0.58930600
2024-07-15 14:05:00,BNBUSDT,431187.5900000000000000,246143435.7515000000000000,1.69613176,1.26352500,1.78368174,0.59214500
2024-07-15 14:10:00,BNBUSDT,430906.5300000000000000,246008847.0423000000000000,1.68341860,1.26204800,1.76513694,1.36869100
2024-07-15 14:15:00,BNBUSDT,431027.0800000000000000,245954234.4877714500000000,1.68847023,1.26265900,1.77025415,0.82501100
2024-07-15 14:20:00,BNBUSDT,431297.2500000000000000,246093897.8775000000000000,1.68952524,1.26360400,1.76892065,0.57890100
2024-07-15 14:25:00,BNBUSDT,431228.0300000000000000,245705106.9334000000000000,1.68750942,1.26328500,1.76521182,0.95580100
2024-07-15 14:30:00,BNBUSDT,431431.7800000000000000,245647987.4843018000000000,1.68717949,1.25905900,1.77045872,0.44350200
2024-07-15 14:35:00,BNBUSDT,430988.5100000000000000,245868743.4828276000000000,1.68603774,1.26227000,1.76620879,2.74934100
2024-07-15 14:40:00,BNBUSDT,431000.7500000000000000,245795417.7175000000000000,1.69174868,1.26313000,1.77862736,1.13230800
2024-07-15 14:45:00,BNBUSDT,430607.9900000000000000,245816877.1714000000000000,1.69072477,1.26260000,1.77635695,1.17380600
2024-07-15 14:50:00,BNBUSDT,431193.4700000000000000,246362389.0845000000000000,1.69060941,1.26377200,1.78343010,1.41050300
2024-07-15 14:55:00,BNBUSDT,431258.0300000000000000,246410737.5889245600000000,1.69112086,1.26208300,1.79001292,1.17235700
2024-07-15 15:00:01,BNBUSDT,430809.4700000000000000,246787351.0991182000000000,1.69751214,1.26485300,1.79673742,1.33467600
2024-07-15 15:05:00,BNBUSDT,430113.0000000000000000,246525211.0837153800000000,1.70035002,1.26778100,1.80152388,1.24472400
2024-07-15 15:10:00,BNBUSDT,430045.6600000000000000,246570979.6176000000000000,1.68708409,1.27200000,1.77500919,0.52580000
2024-07-15 15:15:00,BNBUSDT,430127.8800000000000000,246136378.0512000000000000,1.68063932,1.27066400,1.76344184,0.92902800
2024-07-15 15:20:00,BNBUSDT,430056.6600000000000000,246014243.2428947700000000,1.68406759,1.26711000,1.76782282,0.44712800
2024-07-15 15:25:01,BNBUSDT,430191.4000000000000000,246327595.6400000000000000,1.68189356,1.26487100,1.75998905,1.78269100
2024-07-15 15:30:00,BNBUSDT,429682.5500000000000000,246521851.1285273700000000,1.67654135,1.26609600,1.75204508,1.14116800
2024-07-15 15:35:00,BNBUSDT,429567.6100000000000000,245951216.0064128600000000,1.67921120,1.26820400,1.75734692,0.61158300
2024-07-15 15:40:00,BNBUSDT,429276.9500000000000000,246065840.5095000000000000,1.67744361,1.26867400,1.75600000,1.28317400
2024-07-15 15:45:00,BNBUSDT,429072.4600000000000000,245665436.9730000000000000,1.67609023,1.27010800,1.75176983,0.89375700
2024-07-15 15:50:00,BNBUSDT,429300.6600000000000000,246138590.3233101000000000,1.67026703,1.27175800,1.74204340,1.83927800
2024-07-15 15:55:00,BNBUSDT,429197.1100000000000000,246116297.1489427400000000,1.66851574,1.27235600,1.74482135,0.89989300
2024-07-15 16:00:00,BNBUSDT,429467.9800000000000000,246394016.6347076300000000,1.66891487,1.27452000,1.74179846,0.80971700
2024-07-15 16:05:00,BNBUSDT,429566.6800000000000000,246487077.9448373000000000,1.67021596,1.27519500,1.74266101,0.83097200
2024-07-15 16:10:00,BNBUSDT,429204.2500000000000000,246529441.9957126700000000,1.66876404,1.27994700,1.73682314,0.66853200
2024-07-15 16:15:00,BNBUSDT,430010.2900000000000000,247473532.8873801500000000,1.66367176,1.27875100,1.74385264,1.91308500
2024-07-15 16:20:00,BNBUSDT,429308.0900000000000000,246408216.9959951000000000,1.67357357,1.27973200,1.75869288,0.47704300
2024-07-15 16:25:00,BNBUSDT,428870.0200000000000000,246454445.6932000000000000,1.67890460,1.27642600,1.76058647,0.76773300
2024-07-15 16:30:00,BNBUSDT,428847.8600000000000000,246519833.9876774500000000,1.67492121,1.27574500,1.75694823,1.15287600
2024-07-15 16:35:00,BNBUSDT,428640.7500000000000000,246279901.1730489000000000,1.67557825,1.27536200,1.75667090,0.90644800
2024-07-15 16:40:00,BNBUSDT,428289.1900000000000000,246065174.3752412500000000,1.67257169,1.27794700,1.75258386,1.15387900
2024-07-15 16:45:00,BNBUSDT,427952.7500000000000000,246846910.6136134000000000,1.66736747,1.27475800,1.76258005,1.34816600
2024-07-15 16:50:00,BNBUSDT,428614.3900000000000000,246731873.6035000000000000,1.66104248,1.27027800,1.74613202,0.46534100
2024-07-15 16:55:00,BNBUSDT,428550.9800000000000000,247398195.2442000000000000,1.66259427,1.26782700,1.74908324,1.22237900
2024-07-15 17:00:00,BNBUSDT,428707.0700000000000000,247345514.2991379200000000,1.65678604,1.26759800,1.74926713,0.85948400
2024-07-15 17:05:00,BNBUSDT,428049.2100000000000000,246325198.3866000000000000,1.66390104,1.26386600,1.75309661,0.57306800
2024-07-15 17:10:00,BNBUSDT,427814.9600000000000000,246836397.4712000000000000,1.66249246,1.26469200,1.75103239,1.14770800
2024-07-15 17:15:00,BNBUSDT,428119.6100000000000000,247056343.8297590600000000,1.66440422,1.26428800,1.75408032,1.14066900
2024-07-15 17:20:00,BNBUSDT,428158.2400000000000000,246554922.5040000000000000,1.66651584,1.26260100,1.76001470,0.99944400
2024-07-15 17:25:00,BNBUSDT,428412.4700000000000000,246996925.4538000000000000,1.66581248,1.26169900,1.75974681,1.20015500
2024-07-15 17:30:00,BNBUSDT,428221.1700000000000000,246908044.4103000000000000,1.66541013,1.26131200,1.75861437,0.58340400
2024-07-15 17:35:00,BNBUSDT,428440.4300000000000000,246803109.7015000000000000,1.66194850,1.26262800,1.74970333,0.50534800
2024-07-15 17:40:00,BNBUSDT,428492.7400000000000000,246841812.7318000000000000,1.66435673,1.26258800,1.75015969,0.71229700
2024-07-15 17:45:00,BNBUSDT,428488.7100000000000000,247237985.6700000000000000,1.65960006,1.26292600,1.74638011,0.80597500
2024-07-15 17:50:00,BNBUSDT,428668.8900000000000000,247564857.3528000000000000,1.65655959,1.26587400,1.74631751,1.16702300
2024-07-15 17:55:00,BNBUSDT,428492.2600000000000000,247173823.9230303000000000,1.65676122,1.26719000,1.74765760,1.29370900
2024-07-15 18:00:00,BNBUSDT,428292.1600000000000000,246524967.2960000000000000,1.65870153,1.26558800,1.75335096,0.62607200
2024-07-15 18:05:00,BNBUSDT,428164.8100000000000000,247205347.4074229300000000,1.65058436,1.26717800,1.73751473,1.08867700
2024-07-15 18:10:00,BNBUSDT,428329.7400000000000000,247010394.9772286700000000,1.64597667,1.26710100,1.73518502,0.85565400
2024-07-15 18:15:00,BNBUSDT,428269.6200000000000000,247011412.3561003800000000,1.64518541,1.26768800,1.73175578,1.43880500
2024-07-15 18:20:00,BNBUSDT,428362.1900000000000000,247212304.5783809700000000,1.64612623,1.26806600,1.73364655,0.85791400
2024-07-15 18:25:00,BNBUSDT,428635.4900000000000000,247635581.6377000000000000,1.64578349,1.26717000,1.73196714,1.66295000
2024-07-15 18:30:00,BNBUSDT,428762.2900000000000000,247679972.6496621400000000,1.65317139,1.26855500,1.73621299,0.60569300
2024-07-15 18:35:00,BNBUSDT,428876.3800000000000000,247629991.1977373000000000,1.65755482,1.26907800,1.74827147,1.01516000
2024-07-15 18:40:00,BNBUSDT,428952.0600000000000000,247449574.8522000000000000,1.66070355,1.26878000,1.74881775,1.18916200
2024-07-15 18:45:00,BNBUSDT,428829.3200000000000000,247592254.6020376400000000,1.65880763,1.26731600,1.74693544,2.14626500
2024-07-15 18:50:00,BNBUSDT,428823.9900000000000000,247236544.4452891000000000,1.65855856,1.26777200,1.74605192,0.86455100
2024-07-15 18:55:00,BNBUSDT,428950.4800000000000000,248053483.5744000000000000,1.65640949,1.26845400,1.73933134,0.75972400
2024-07-15 19:00:00,BNBUSDT,428927.2800000000000000,247981702.5670520400000000,1.65681273,1.26810800,1.74446461,0.67898100
2024-07-15 19:05:00,BNBUSDT,428842.7900000000000000,247377963.4115000000000000,1.65138577,1.26810800,1.74313174,0.64888900
2024-07-15 19:10:00,BNBUSDT,428934.3100000000000000,247561228.1818384200000000,1.65244085,1.26830800,1.74463072,1.40973700
2024-07-15 19:15:00,BNBUSDT,429178.5100000000000000,247588790.6339000000000000,1.65572050,1.26631200,1.75197530,2.09521200
2024-07-15 19:20:00,BNBUSDT,429063.0300000000000000,247505008.8555000000000000,1.65382886,1.26649200,1.74843566,1.49679800
2024-07-15 19:25:00,BNBUSDT,428160.7200000000000000,247887930.4512000000000000,1.64619533,1.27075100,1.73729583,1.10053100
2024-07-15 19:30:00,BNBUSDT,428619.1600000000000000,247188955.7636000000000000,1.65060783,1.27111500,1.75358218,1.19972600
2024-07-15 19:35:00,BNBUSDT,428397.0200000000000000,247774300.9457421300000000,1.64185141,1.26911900,1.74151579,1.03903800
2024-07-15 19:40:00,BNBUSDT,428447.8100000000000000,247304360.4101000000000000,1.64857571,1.26845200,1.75059253,0.57748500
2024-07-15 19:45:00,BNBUSDT,428311.9600000000000000,247460042.1322482200000000,1.64779026,1.26890800,1.74635967,0.71208100
2024-07-15 19:50:00,BNBUSDT,428479.9500000000000000,247261238.8064407400000000,1.64829239,1.26861200,1.74806660,1.00574300
2024-07-15 19:55:00,BNBUSDT,428559.9800000000000000,247043400.4710000000000000,1.64758765,1.26837300,1.74847519,1.05425800
2024-07-15 20:00:01,BNBUSDT,428676.2100000000000000,247320452.5974000000000000,1.64823141,1.26865200,1.74604474,0.86131000
2024-07-15 20:05:00,BNBUSDT,428722.6400000000000000,247561601.2416000000000000,1.64407540,1.26955700,1.73880326,1.19315200
2024-07-15 20:10:00,BNBUSDT,428686.2700000000000000,247109017.4844161600000000,1.64580838,1.27055600,1.74013963,0.55240000
2024-07-15 20:15:00,BNBUSDT,428758.6600000000000000,247299419.9148000000000000,1.64591440,1.27121400,1.73786671,1.32946900
2024-07-15 20:20:00,BNBUSDT,428693.9200000000000000,247715283.3295208500000000,1.64658273,1.27147500,1.74081133,1.23586300
2024-07-15 20:25:00,BNBUSDT,428655.6100000000000000,247616749.4170338200000000,1.64733213,1.27188600,1.74079114,0.96209400
2024-07-15 20:30:00,BNBUSDT,428555.0900000000000000,247599657.9686909600000000,1.64736763,1.27224900,1.73974592,0.75923000
2024-07-15 20:35:00,BNBUSDT,428566.6600000000000000,247634387.4812000000000000,1.65108941,1.27210200,1.74384147,0.71609300
2024-07-15 20:40:00,BNBUSDT,428540.2300000000000000,247538590.0281700200000000,1.64865676,1.27238400,1.74017606,0.87987300
2024-07-15 20:45:00,BNBUSDT,428533.0600000000000000,247546407.4396000000000000,1.64846212,1.27243200,1.73922902,1.07425600
2024-07-15 20:50:00,BNBUSDT,428718.3400000000000000,247589128.5334000000000000,1.64831208,1.27127000,1.74187693,2.45443600
2024-07-15 20:55:00,BNBUSDT,428598.9700000000000000,247451615.3295000000000000,1.64795918,1.27080800,1.74341508,0.84833300
2024-07-15 21:00:00,BNBUSDT,428644.7500000000000000,247434402.1169656800000000,1.64925709,1.27040900,1.74527445,1.34485200
2024-07-15 21:05:00,BNBUSDT,428635.7400000000000000,247503362.1663670000000000,1.65258569,1.27252400,1.74865726,2.76493700
2024-07-15 21:10:00,BNBUSDT,428536.2400000000000000,247433544.1668270000000000,1.65397924,1.27173300,1.75004553,1.00562400
2024-07-15 21:15:00,BNBUSDT,428369.5800000000000000,247554780.2820000000000000,1.65331928,1.27221800,1.74349409,1.25287400
2024-07-15 21:20:00,BNBUSDT,428065.5100000000000000,246995196.6470508600000000,1.65897088,1.27155200,1.75152787,0.48794300
2024-07-15 21:25:00,BNBUSDT,427995.9500000000000000,246639703.6564265000000000,1.66188679,1.27476500,1.74961304,1.21943000
2024-07-15 21:30:00,BNBUSDT,428139.0300000000000000,246836306.4884719800000000,1.66178690,1.27350400,1.74640844,1.78004300
2024-07-15 21:35:00,BNBUSDT,428052.6100000000000000,246425850.4073698500000000,1.66852999,1.27409300,1.76193078,0.45561700
2024-07-15 21:40:00,BNBUSDT,428184.7700000000000000,246715782.6263000000000000,1.66858006,1.27445800,1.75654070,0.85698900
2024-07-15 21:45:00,BNBUSDT,428080.8000000000000000,246777375.9367731200000000,1.66968873,1.27443100,1.75847342,1.00564100
2024-07-15 21:50:00,BNBUSDT,428071.8300000000000000,246812885.6256996400000000,1.67084782,1.27382200,1.75920036,1.02884000
2024-07-15 21:55:00,BNBUSDT,428054.1000000000000000,246906651.5779114400000000,1.66475731,1.27305300,1.75507983,1.86885400
2024-07-15 22:00:01,BNBUSDT,427787.5200000000000000,246499965.9310586500000000,1.66571127,1.27343900,1.75542245,0.69579700
2024-07-15 22:05:00,BNBUSDT,427788.3300000000000000,246501792.4719240700000000,1.66410604,1.27349700,1.75271739,0.49940100
2024-07-15 22:10:00,BNBUSDT,427596.7900000000000000,246969627.2211868200000000,1.66280120,1.27359500,1.75022641,1.57912700
2024-07-15 22:15:00,BNBUSDT,426657.0300000000000000,247391124.4114561700000000,1.64071407,1.27818500,1.72739590,1.58701200
2024-07-15 22:20:00,BNBUSDT,425966.4600000000000000,247352289.1539973300000000,1.63738908,1.27960000,1.72157434,1.26865500
2024-07-15 22:25:00,BNBUSDT,426587.9400000000000000,247848235.2145720000000000,1.62132132,1.28048000,1.71182737,1.66851300
2024-07-15 22:30:00,BNBUSDT,426523.9400000000000000,248015140.6312000000000000,1.62223892,1.28133900,1.72178454,0.91961300
2024-07-15 22:35:00,BNBUSDT,426561.4300000000000000,248570142.1039000000000000,1.62996988,1.28094900,1.73183741,1.47647000
2024-07-15 22:40:00,BNBUSDT,426492.3200000000000000,248685914.1872948000000000,1.63773357,1.28089100,1.74226899,1.02483100
2024-07-15 22:45:00,BNBUSDT,426173.3600000000000000,248879962.7660607000000000,1.64669390,1.28046700,1.76922358,0.94709700
2024-07-15 22:50:00,BNBUSDT,426080.1100000000000000,248702960.2070000000000000,1.64763780,1.28089700,1.77064049,0.72974600
2024-07-15 22:55:00,BNBUSDT,425910.4700000000000000,247986371.1575000000000000,1.64577657,1.28141600,1.76415094,0.65574400
2024-07-15 23:00:00,BNBUSDT,425614.8100000000000000,247729100.1605000000000000,1.64630079,1.28086800,1.76472238,0.96864000
2024-07-15 23:05:00,BNBUSDT,425992.5800000000000000,247714685.2700000000000000,1.64867324,1.27987000,1.76126504,0.96475800
2024-07-15 23:10:00,BNBUSDT,425899.5700000000000000,248135652.5560427300000000,1.64872650,1.27796800,1.76206478,1.70734100
2024-07-15 23:15:00,BNBUSDT,425921.9800000000000000,248078467.4434971200000000,1.65032630,1.27864400,1.76346998,1.30374000
2024-07-15 23:20:00,BNBUSDT,426033.5800000000000000,248478234.2449608700000000,1.64957524,1.27801700,1.76447516,1.95962700
2024-07-15 23:25:00,BNBUSDT,426134.3200000000000000,249061174.5405677600000000,1.64851335,1.27665000,1.76461797,1.62307100
2024-07-15 23:30:00,BNBUSDT,425927.8200000000000000,248758342.8728011000000000,1.65424966,1.27707000,1.76943951,0.70087300
2024-07-15 23:35:00,BNBUSDT,426132.8200000000000000,249189689.1514000000000000,1.65444309,1.27780200,1.76719379,1.79317700
2024-07-15 23:40:00,BNBUSDT,425926.6100000000000000,249729289.9752000000000000,1.64253188,1.27407600,1.74465911,2.00150500
2024-07-15 23:45:00,BNBUSDT,425749.3400000000000000,249536685.4026207600000000,1.64799878,1.27661700,1.75006984,0.70300300
2024-07-15 23:50:00,BNBUSDT,426048.7200000000000000,249591416.7868581000000000,1.64894913,1.27610500,1.75433203,0.91111800
2024-07-15 23:55:00,BNBUSDT,426061.4900000000000000,249241711.0351000000000000,1.65384615,1.27730200,1.75876866,0.48337400
2024-07-16 00:00:00,BNBUSDT,426412.3000000000000000,249493836.7300000000000000,1.65831296,1.27800500,1.76180258,1.16675500
