create_time,symbol,sum_open_interest,sum_open_interest_value,count_toptrader_long_short_ratio,sum_toptrader_long_short_ratio,count_long_short_ratio,sum_taker_long_short_vol_ratio
2026-01-09 00:05:00,BNBUSDT,505941.7300000000000000,451983626.3335489000000000,2.48384615,1.15559600,3.11851356,2.16901200
2026-01-09 00:10:00,BNBUSDT,506032.7100000000000000,452039019.8430000000000000,2.48518661,1.15550800,3.12304805,0.70171800
2026-01-09 00:15:00,BNBUSDT,506092.0800000000000000,452107237.8264000000000000,2.48461538,1.15583700,3.12205252,2.11794700
2026-01-09 00:20:00,BNBUSDT,506068.1300000000000000,452045357.1225000000000000,2.48385029,1.15623900,3.12158360,1.11433400
2026-01-09 00:25:00,BNBUSDT,506109.4600000000000000,452175254.8673056000000000,2.48365594,1.15617600,3.12076356,1.54253200
2026-01-09 00:30:00,BNBUSDT,506141.6700000000000000,451640334.9744000000000000,2.48276746,1.15762700,3.11944296,0.21344000
2026-01-09 00:35:00,BNBUSDT,506023.6600000000000000,451818405.5408000000000000,2.48442507,1.15663300,3.12041254,0.88183000
2026-01-09 00:40:00,BNBUSDT,506033.7300000000000000,452019689.6598000000000000,2.48118280,1.15645000,3.11728106,1.28564200
2026-01-09 00:45:00,BNBUSDT,506108.7800000000000000,452256719.1822331000000000,2.47857782,1.15641700,3.11417876,1.97064800
2026-01-09 00:50:00,BNBUSDT,506091.5100000000000000,452471114.5155000000000000,2.47679918,1.15585200,3.11348750,1.75777300
2026-01-09 00:55:00,BNBUSDT,506280.5800000000000000,452746471.4708000000000000,2.47864450,1.15522100,3.11402219,1.01725100
2026-01-09 01:00:00,BNBUSDT,506284.0700000000000000,452844415.0803423000000000,2.47979023,1.15502400,3.11612515,1.33467800
2026-01-09 01:05:00,BNBUSDT,506502.4400000000000000,453142407.9460000000000000,2.48405686,1.15404900,3.12263204,1.18379200
2026-01-09 01:10:00,BNBUSDT,506481.7400000000000000,453047916.4300000000000000,2.48660771,1.15380900,3.12681718,1.20587000
2026-01-09 01:15:00,BNBUSDT,506532.1600000000000000,452919523.8072060300000000,2.48743590,1.15376800,3.12974386,0.77317800
2026-01-09 01:20:00,BNBUSDT,506684.0200000000000000,452879243.9162000000000000,2.48852417,1.15448000,3.13007040,0.75392600
2026-01-09 01:25:00,BNBUSDT,506548.3100000000000000,452043711.8440000000000000,2.48922524,1.15503100,3.13298443,0.38724500
2026-01-09 01:30:00,BNBUSDT,506547.5700000000000000,453457695.6401429000000000,2.48187060,1.14570400,3.12890232,2.04876600
2026-01-09 01:35:00,BNBUSDT,506116.5700000000000000,450923313.8601971000000000,2.50135292,1.14782500,3.14332884,0.63466200
2026-01-09 01:40:00,BNBUSDT,507090.4800000000000000,451303012.7275950000000000,2.50891243,1.15726300,3.15674872,0.48295400
2026-01-09 01:45:00,BNBUSDT,507395.4300000000000000,451652968.0602000000000000,2.50735674,1.15927300,3.15719018,0.65449700
2026-01-09 01:50:00,BNBUSDT,507286.7900000000000000,452038185.7011000000000000,2.50599459,1.15955800,3.15533194,1.61056600
2026-01-09 01:55:00,BNBUSDT,507155.1200000000000000,451606611.9790491000000000,2.50832151,1.15956700,3.15600729,0.64677900
2026-01-09 02:00:00,BNBUSDT,507219.1100000000000000,451719194.9838000000000000,2.50993805,1.15933700,3.15937817,0.67786400
2026-01-09 02:05:00,BNBUSDT,507227.2500000000000000,452232052.9167611600000000,2.50845052,1.15937000,3.15780585,1.73134500
2026-01-09 02:10:00,BNBUSDT,507373.6200000000000000,453140453.7582000000000000,2.48835730,1.15103700,3.15529587,1.00296300
2026-01-09 02:15:00,BNBUSDT,507355.4100000000000000,453407081.4089458000000000,2.48392834,1.15101400,3.15049919,1.96784600
2026-01-09 02:20:00,BNBUSDT,507422.9500000000000000,453313199.4033984500000000,2.48128410,1.15083800,3.14765146,0.92542700
2026-01-09 02:25:00,BNBUSDT,507508.8600000000000000,453290725.5693396000000000,2.48951049,1.15283300,3.15406938,0.24524500
2026-01-09 02:30:00,BNBUSDT,507564.0000000000000000,453538424.1955129000000000,2.48672342,1.15258600,3.15345165,1.05620900
2026-01-09 02:35:00,BNBUSDT,507572.0500000000000000,453327825.0165000000000000,2.48432542,1.15268200,3.14975064,0.63430000
2026-01-09 02:40:00,BNBUSDT,507797.1700000000000000,453620289.9327000000000000,2.48521011,1.15151500,3.14998989,0.49582800
2026-01-09 02:45:00,BNBUSDT,507729.7400000000000000,453407735.1174000000000000,2.48337563,1.15120900,3.14874697,0.42132500
2026-01-09 02:50:00,BNBUSDT,508374.2400000000000000,453656655.6221835000000000,2.48350254,1.14757100,3.14624293,6.14378700
2026-01-09 02:55:00,BNBUSDT,508182.7400000000000000,453131303.7758000000000000,2.48103995,1.14655500,3.14580949,0.41378400
2026-01-09 03:00:00,BNBUSDT,508118.1000000000000000,453261669.9240000000000000,2.47914818,1.14682700,3.13870036,1.82129800
2026-01-09 03:05:00,BNBUSDT,508118.1900000000000000,453393860.9370000000000000,2.47769894,1.14698400,3.13646743,0.81967600
2026-01-09 03:10:00,BNBUSDT,507972.3500000000000000,453844888.3016212000000000,2.47035023,1.14704700,3.13112885,2.86998400
2026-01-09 03:15:00,BNBUSDT,507927.2400000000000000,454020922.0188000000000000,2.46654040,1.14577000,3.12977611,0.79096700
2026-01-09 03:20:00,BNBUSDT,507815.9700000000000000,453997633.4994000000000000,2.46817378,1.14568600,3.13177307,1.17393900
2026-01-09 03:25:00,BNBUSDT,507809.0200000000000000,453595329.0248000000000000,2.47337802,1.14515800,3.13511881,0.63580900
2026-01-09 03:30:00,BNBUSDT,507757.1800000000000000,453499948.3814005000000000,2.47413030,1.14561300,3.13525305,0.67370300
2026-01-09 03:35:00,BNBUSDT,507808.7000000000000000,453874337.9730000000000000,2.47299861,1.14566100,3.13622021,1.61892100
2026-01-09 03:40:00,BNBUSDT,508138.1500000000000000,455098689.9030000000000000,2.46604393,1.14429800,3.12861068,2.82221700
2026-01-09 03:45:00,BNBUSDT,508252.9000000000000000,455091336.2146203000000000,2.46209159,1.14441700,3.11946488,1.03813400
2026-01-09 03:50:00,BNBUSDT,508324.2000000000000000,455626230.1860000000000000,2.45218923,1.14533600,3.10648796,4.08950700
2026-01-09 03:55:00,BNBUSDT,508032.4600000000000000,455236304.1693858500000000,2.46014127,1.14423500,3.11572125,0.40851700
2026-01-09 04:00:00,BNBUSDT,508282.1200000000000000,455425862.3412000000000000,2.46078184,1.14355700,3.11269767,0.54152900
2026-01-09 04:05:00,BNBUSDT,508191.5800000000000000,455736563.4983031000000000,2.46514271,1.14312000,3.12128911,1.00143700
2026-01-09 04:10:00,BNBUSDT,508241.6500000000000000,455629929.5488329500000000,2.46696981,1.14342900,3.12319422,0.75855700
2026-01-09 04:15:00,BNBUSDT,508118.2100000000000000,455237443.4602921000000000,2.46584165,1.14285000,3.12168216,0.57294600
2026-01-09 04:20:00,BNBUSDT,508021.3400000000000000,455215046.4612951000000000,2.46496654,1.14211600,3.11935613,0.93530800
2026-01-09 04:25:00,BNBUSDT,508117.8200000000000000,455471941.6993088000000000,2.45837007,1.14294700,3.11292580,2.24901200
2026-01-09 04:30:00,BNBUSDT,508101.5200000000000000,455480860.2546221000000000,2.46279950,1.14270000,3.11929239,0.84850400
2026-01-09 04:35:00,BNBUSDT,508084.5700000000000000,455017062.7968623000000000,2.46336234,1.14320300,3.11970091,0.56175700
2026-01-09 04:40:00,BNBUSDT,508037.6300000000000000,454845498.4885368300000000,2.45605641,1.14273300,3.10405163,0.36887800
2026-01-09 04:45:00,BNBUSDT,507952.3200000000000000,454778141.4733190000000000,2.45810760,1.14211100,3.10348497,0.61001800
2026-01-09 04:50:00,BNBUSDT,507944.3200000000000000,455001283.5264000000000000,2.45785561,1.14198500,3.10302627,2.48007600
2026-01-09 04:55:00,BNBUSDT,507943.3100000000000000,455152761.7917000000000000,2.45629723,1.14121800,3.10096378,0.57933100
2026-01-09 05:00:00,BNBUSDT,507949.5300000000000000,455137258.4893021600000000,2.45653817,1.14128200,3.09987375,0.54517300
2026-01-09 05:05:00,BNBUSDT,507921.7300000000000000,456005226.9694227600000000,2.45100013,1.14086000,3.10108399,1.66622500
2026-01-09 05:10:00,BNBUSDT,508096.4500000000000000,455991159.0525000000000000,2.45000629,1.14051600,3.09996012,1.11419600
2026-01-09 05:15:00,BNBUSDT,508071.6200000000000000,456014601.8148000000000000,2.44814582,1.13963200,3.09844560,1.05578800
2026-01-09 05:20:00,BNBUSDT,507752.0400000000000000,455362588.5666408500000000,2.44623116,1.13974200,3.09590496,1.58910900
2026-01-09 05:25:00,BNBUSDT,507906.7700000000000000,455531423.8776000000000000,2.44603593,1.13996600,3.09630957,0.56637700
2026-01-09 05:30:00,BNBUSDT,508031.8800000000000000,455739957.7310356000000000,2.43998495,1.14013100,3.09060180,2.61030800
2026-01-09 05:35:00,BNBUSDT,508047.4100000000000000,455783334.2730706300000000,2.44048664,1.14078900,3.09092114,0.76412200
2026-01-09 05:40:00,BNBUSDT,507986.3100000000000000,455724183.8517285600000000,2.43779784,1.14079500,3.08883736,0.49165800
2026-01-09 05:45:00,BNBUSDT,508185.7400000000000000,455936446.5016186000000000,2.42939337,1.14224000,3.08084881,1.19459100
2026-01-09 05:50:00,BNBUSDT,508161.4600000000000000,455851319.3076000000000000,2.43345865,1.14169300,3.08409978,0.57809000
2026-01-09 05:55:00,BNBUSDT,508181.3200000000000000,456095844.6629603500000000,2.43492979,1.14150700,3.08307977,1.29901600
2026-01-09 06:00:00,BNBUSDT,509042.8800000000000000,457420428.8581372000000000,2.42941250,1.13675800,3.08714958,1.91732300
2026-01-09 06:05:00,BNBUSDT,509187.7900000000000000,457308847.0920411000000000,2.43951207,1.13402800,3.09083671,2.07649800
2026-01-09 06:10:00,BNBUSDT,509132.2400000000000000,457377897.0263352000000000,2.45164544,1.13421300,3.09786075,1.27990400
2026-01-09 06:15:00,BNBUSDT,508956.8300000000000000,457282443.0501000000000000,2.45425868,1.13455900,3.10215483,0.74746000
2026-01-09 06:20:00,BNBUSDT,508784.0200000000000000,456852435.0786000000000000,2.45240197,1.13288800,3.10058503,1.05312900
2026-01-09 06:25:00,BNBUSDT,508248.5500000000000000,455962788.7883927000000000,2.45493562,1.13087900,3.10538579,0.38866300
2026-01-09 06:30:00,BNBUSDT,508055.9100000000000000,455268900.9510000000000000,2.45346635,1.13174600,3.10105109,0.40667200
2026-01-09 06:35:00,BNBUSDT,507817.4200000000000000,455634101.9208000000000000,2.45853350,1.13082900,3.10790648,1.03237900
2026-01-09 06:40:00,BNBUSDT,507742.1600000000000000,455238524.5407793500000000,2.46021505,1.13079500,3.10818012,0.91619700
2026-01-09 06:45:00,BNBUSDT,507768.2300000000000000,455118450.2125431000000000,2.46389663,1.13103800,3.11203735,0.54049900
2026-01-09 06:50:00,BNBUSDT,507715.2300000000000000,455238985.6957696000000000,2.46327254,1.13077200,3.11188904,1.00625000
2026-01-09 06:55:00,BNBUSDT,507663.8400000000000000,455191705.4976000000000000,2.46239554,1.13044200,3.10904610,1.29574900
2026-01-09 07:00:00,BNBUSDT,507650.7600000000000000,455304076.9846369600000000,2.46226893,1.12981300,3.10945307,1.12697100
2026-01-09 07:05:00,BNBUSDT,507349.4600000000000000,454534381.2140000000000000,2.46766422,1.12913300,3.11158512,0.40966800
2026-01-09 07:10:00,BNBUSDT,506561.2700000000000000,453424362.7770203400000000,2.46971429,1.12898500,3.11185966,0.26634100
2026-01-09 07:15:00,BNBUSDT,506489.1500000000000000,453424281.7545000000000000,2.46763138,1.12859200,3.10913333,1.75550500
2026-01-09 07:20:00,BNBUSDT,506414.7100000000000000,453477649.8569068300000000,2.46889284,1.12910400,3.10776408,1.38884200
2026-01-09 07:25:00,BNBUSDT,506389.5700000000000000,453640147.8288334600000000,2.46970659,1.12847700,3.10706909,0.98731200
2026-01-09 07:30:00,BNBUSDT,506352.6400000000000000,453783108.9152000000000000,2.47102186,1.12834500,3.10660981,1.03244000
2026-01-09 07:35:00,BNBUSDT,506259.0400000000000000,453192967.4272000000000000,2.47346991,1.12729000,3.10867391,0.61392900
2026-01-09 07:40:00,BNBUSDT,506113.4000000000000000,453502093.6289597000000000,2.47491085,1.12692300,3.11150407,0.56218000
2026-01-09 07:45:00,BNBUSDT,505970.9000000000000000,453289209.8920000000000000,2.47294717,1.12696500,3.10925098,0.67564300
2026-01-09 07:50:00,BNBUSDT,505768.4100000000000000,452725523.5401696000000000,2.47148676,1.12706600,3.10631916,0.71406700
2026-01-09 07:55:00,BNBUSDT,505636.7300000000000000,452737767.4521486000000000,2.46952538,1.12756400,3.10271098,1.01910300
2026-01-09 08:00:00,BNBUSDT,505186.3300000000000000,451619452.7588490000000000,2.47039348,1.12935500,3.10263930,0.31389100
2026-01-09 08:05:00,BNBUSDT,505272.9200000000000000,451208717.5600000000000000,2.47338185,1.13212600,3.10117380,0.61897000
2026-01-09 08:10:00,BNBUSDT,505224.7800000000000000,451363023.2423591000000000,2.46932789,1.13284600,3.09842730,0.73957600
2026-01-09 08:15:00,BNBUSDT,505160.3700000000000000,451328773.1821887500000000,2.47230730,1.13358300,3.10202040,0.95965600
2026-01-09 08:20:00,BNBUSDT,505205.9800000000000000,451683497.5820781000000000,2.47382533,1.13370300,3.10182036,2.25409100
2026-01-09 08:25:00,BNBUSDT,505233.2200000000000000,451973671.2053765700000000,2.47471910,1.13398700,3.10392902,0.98991400
2026-01-09 08:30:00,BNBUSDT,505326.8000000000000000,451883206.2933910000000000,2.48307574,1.13511700,3.11123715,1.52164500
2026-01-09 08:35:00,BNBUSDT,505242.5300000000000000,451444305.4056000000000000,2.48173224,1.13589400,3.11094052,0.97344100
2026-01-09 08:40:00,BNBUSDT,504822.9700000000000000,450332378.6182000000000000,2.48063403,1.13847000,3.11093291,0.31331100
2026-01-09 08:45:00,BNBUSDT,504723.4700000000000000,449632903.2495000000000000,2.47960097,1.13941600,3.10476063,0.71798400
2026-01-09 08:50:00,BNBUSDT,503538.2400000000000000,447064581.2940041000000000,2.47544557,1.15118600,3.09912985,0.66824000
2026-01-09 08:55:00,BNBUSDT,503559.9400000000000000,446560544.9930906000000000,2.48738739,1.15114800,3.09911599,0.85814500
2026-01-09 09:00:00,BNBUSDT,504004.4800000000000000,448614359.8370328000000000,2.48905485,1.15043900,3.11177537,1.45692200
2026-01-09 09:05:00,BNBUSDT,503777.9200000000000000,448830862.2656000000000000,2.49239887,1.15027200,3.11455254,0.89696900
2026-01-09 09:10:00,BNBUSDT,503349.4000000000000000,448408812.9900000000000000,2.49310478,1.14847200,3.11832728,0.47184900
2026-01-09 09:15:00,BNBUSDT,502912.8900000000000000,447822912.8513275000000000,2.49793495,1.14828400,3.12136706,0.53362600
2026-01-09 09:20:00,BNBUSDT,502545.3300000000000000,447782965.3899000000000000,2.49819168,1.14732000,3.11611343,0.56285800
2026-01-09 09:25:00,BNBUSDT,502171.0300000000000000,447418371.5273428600000000,2.50550019,1.14605700,3.13281619,0.42262500
2026-01-09 09:30:00,BNBUSDT,501652.7000000000000000,447251438.5875526700000000,2.50614887,1.14256500,3.13720459,0.61221500
2026-01-09 09:35:00,BNBUSDT,501296.8100000000000000,446911119.0831000000000000,2.50854922,1.14165300,3.13760972,0.44375500
2026-01-09 09:40:00,BNBUSDT,500831.3700000000000000,445903281.7984614400000000,2.51322271,1.13978600,3.15082366,0.34269600
2026-01-09 09:45:00,BNBUSDT,500242.8400000000000000,445046045.0344000000000000,2.51444862,1.13725700,3.15113061,0.21414000
2026-01-09 09:50:00,BNBUSDT,499592.4200000000000000,444042738.8202000000000000,2.51614995,1.13540700,3.15073579,0.40662500
2026-01-09 09:55:00,BNBUSDT,498996.4600000000000000,443398619.9519087700000000,2.51816766,1.13172400,3.15490103,0.39988100
2026-01-09 10:00:00,BNBUSDT,499287.5700000000000000,443631984.5721000000000000,2.51641365,1.13251400,3.14780086,0.90553100
2026-01-09 10:05:00,BNBUSDT,499427.8200000000000000,443430499.7692334700000000,2.50822432,1.13299800,3.14187504,0.32296900
2026-01-09 10:10:00,BNBUSDT,499482.2700000000000000,444414349.7325000000000000,2.47774214,1.13231300,3.11428571,2.88850400
2026-01-09 10:15:00,BNBUSDT,499648.2700000000000000,444587030.6460000000000000,2.47622100,1.13340700,3.11244819,1.89777700
2026-01-09 10:20:00,BNBUSDT,499697.3000000000000000,444643446.3529625500000000,2.47260625,1.13334700,3.11366676,1.17920500
2026-01-09 10:25:00,BNBUSDT,499753.2500000000000000,444755404.8375000000000000,2.46912160,1.13287500,3.11097007,2.37236000
2026-01-09 10:30:00,BNBUSDT,499770.4400000000000000,444725723.7384000000000000,2.47000895,1.13315700,3.11226945,1.26287900
2026-01-09 10:35:00,BNBUSDT,499816.1800000000000000,444814083.3325906000000000,2.47122026,1.13264400,3.11217263,0.71989100
2026-01-09 10:40:00,BNBUSDT,499696.3400000000000000,444989584.6968000000000000,2.46944515,1.13317500,3.11195725,2.16199800
2026-01-09 10:45:00,BNBUSDT,499798.8400000000000000,445008629.3795254000000000,2.46875399,1.13309200,3.11181618,0.65864600
2026-01-09 10:50:00,BNBUSDT,499824.2800000000000000,445052585.8164381400000000,2.46913738,1.13329400,3.11229125,1.78696500
2026-01-09 10:55:00,BNBUSDT,499872.1300000000000000,445106139.4372000000000000,2.46882188,1.13324600,3.11177885,1.21477300
2026-01-09 11:00:00,BNBUSDT,499950.7100000000000000,445156112.1840000000000000,2.46780787,1.13384300,3.11082182,0.84555200
2026-01-09 11:05:00,BNBUSDT,499858.8000000000000000,445713037.5776394000000000,2.46142074,1.13290700,3.10972435,3.94565200
2026-01-09 11:10:00,BNBUSDT,499624.8500000000000000,445065816.3800000000000000,2.46388464,1.13273000,3.11136333,0.48041800
2026-01-09 11:15:00,BNBUSDT,499527.3500000000000000,445224677.2668870000000000,2.46357024,1.13259800,3.11088117,1.07578600
2026-01-09 11:20:00,BNBUSDT,499493.4600000000000000,445398318.2820000000000000,2.46533010,1.13190300,3.11298831,0.97568800
2026-01-09 11:25:00,BNBUSDT,499486.8700000000000000,445161978.0878491000000000,2.46249043,1.13188100,3.11098505,1.46849700
2026-01-09 11:30:00,BNBUSDT,499490.4200000000000000,445320683.9510000000000000,2.46192116,1.13186400,3.10947298,1.05481800
2026-01-09 11:35:00,BNBUSDT,499583.1500000000000000,445608186.4740000000000000,2.46204873,1.13140400,3.11421320,2.38802700
2026-01-09 11:40:00,BNBUSDT,499506.7200000000000000,445123940.6278819400000000,2.46912949,1.13108300,3.11798917,0.72836100
2026-01-09 11:45:00,BNBUSDT,499482.7000000000000000,445310775.4436741000000000,2.46753579,1.13036600,3.11497094,1.81715200
2026-01-09 11:50:00,BNBUSDT,499090.3100000000000000,444868582.1061408500000000,2.46420353,1.12830500,3.11474972,0.36239800
2026-01-09 11:55:00,BNBUSDT,499023.0200000000000000,444559647.5972000000000000,2.46407568,1.12822700,3.11542575,1.37503200
2026-01-09 12:00:00,BNBUSDT,499076.7700000000000000,444087809.0538062500000000,2.46158763,1.12875600,3.11013157,0.46859900
2026-01-09 12:05:00,BNBUSDT,499306.5800000000000000,444392842.3316000000000000,2.46398874,1.12900800,3.11316088,0.88463800
2026-01-09 12:10:00,BNBUSDT,499471.2600000000000000,444422719.0999958500000000,2.46259112,1.12948400,3.11171243,0.83920500
2026-01-09 12:15:00,BNBUSDT,499135.1900000000000000,443852046.0222776000000000,2.46385157,1.12784300,3.11163070,0.29816600
2026-01-09 12:20:00,BNBUSDT,499271.1600000000000000,443507564.1396000000000000,2.46004347,1.12676200,3.10996793,0.41075000
2026-01-09 12:25:00,BNBUSDT,499282.1500000000000000,443833925.5619430000000000,2.45763578,1.12695400,3.10419585,1.34852800
2026-01-09 12:30:00,BNBUSDT,499305.0400000000000000,443772580.7070558000000000,2.45674121,1.12740400,3.10475047,1.15450900
2026-01-09 12:35:00,BNBUSDT,499312.2700000000000000,444218154.1282000000000000,2.45718303,1.12707300,3.10416806,2.77858400
2026-01-09 12:40:00,BNBUSDT,499289.8100000000000000,443872180.4955483000000000,2.45429009,1.12689400,3.10077932,0.91878600
2026-01-09 12:45:00,BNBUSDT,499357.8200000000000000,443969050.6056000000000000,2.45070782,1.12797900,3.09904813,1.89345100
2026-01-09 12:50:00,BNBUSDT,499336.7100000000000000,444330039.1195789000000000,2.44426063,1.12714300,3.09562442,1.34843300
2026-01-09 12:55:00,BNBUSDT,499337.0200000000000000,444232619.5423636400000000,2.44321506,1.12712500,3.09416534,1.09936700
2026-01-09 13:00:00,BNBUSDT,499448.9500000000000000,444244857.5565000000000000,2.44672183,1.12639100,3.09524126,0.50526000
2026-01-09 13:05:00,BNBUSDT,499556.6800000000000000,443842773.5502830000000000,2.45716839,1.12848500,3.09780585,0.58778300
2026-01-09 13:10:00,BNBUSDT,499716.2600000000000000,444397670.0180000000000000,2.44854814,1.12813500,3.09133754,1.50670000
2026-01-09 13:15:00,BNBUSDT,499886.1600000000000000,445171947.2638870000000000,2.45220495,1.12738700,3.09309429,2.49347900
2026-01-09 13:20:00,BNBUSDT,499816.7600000000000000,445341731.3276000000000000,2.45789742,1.12784800,3.10081798,1.34014100
2026-01-09 13:25:00,BNBUSDT,499990.8700000000000000,445511864.8048000000000000,2.46116505,1.12823800,3.10525265,1.29686900
2026-01-09 13:30:00,BNBUSDT,500175.9200000000000000,445863090.9053069400000000,2.46566057,1.12580900,3.11071857,1.56925400
2026-01-09 13:35:00,BNBUSDT,499946.0800000000000000,445554361.3505540000000000,2.44372459,1.12840500,3.09747508,1.07090600
2026-01-09 13:40:00,BNBUSDT,500026.9800000000000000,445499037.8310000000000000,2.45127226,1.12868900,3.10355148,0.92084400
2026-01-09 13:45:00,BNBUSDT,500054.8100000000000000,445333892.0654602600000000,2.45352687,1.12883700,3.10229312,1.34851500
2026-01-09 13:50:00,BNBUSDT,500173.0300000000000000,445036326.3730937000000000,2.45329600,1.12859100,3.09685551,0.49083500
2026-01-09 13:55:00,BNBUSDT,500259.7800000000000000,446001604.2612000000000000,2.44522026,1.12744600,3.08136310,3.37383700
2026-01-09 14:00:00,BNBUSDT,500320.4500000000000000,445668025.8005893000000000,2.44742189,1.12718700,3.08006601,0.35685200
2026-01-09 14:05:00,BNBUSDT,500393.1300000000000000,445553376.9213072700000000,2.44780290,1.12634000,3.08073140,0.58734300
2026-01-09 14:10:00,BNBUSDT,500235.0600000000000000,444413713.9052095000000000,2.44444444,1.12677900,3.07523904,0.85239700
2026-01-09 14:15:00,BNBUSDT,500098.1900000000000000,443952707.5799936000000000,2.44483986,1.13186600,3.07901691,0.64178600
2026-01-09 14:20:00,BNBUSDT,500217.7000000000000000,444371622.0399661000000000,2.44990452,1.13364000,3.08401084,1.09096900
2026-01-09 14:25:00,BNBUSDT,500337.7400000000000000,444795247.4826000000000000,2.44710071,1.13257600,3.08237004,1.95104500
2026-01-09 14:30:00,BNBUSDT,500219.5000000000000000,445010273.7850000000000000,2.44567289,1.13132100,3.08567462,0.96527800
2026-01-09 14:35:00,BNBUSDT,500314.1000000000000000,443866991.7986610000000000,2.43256226,1.13049100,3.05338661,1.37419100
2026-01-09 14:40:00,BNBUSDT,500216.1200000000000000,444707189.8513639000000000,2.43757913,1.13005000,3.05590876,1.07191100
2026-01-09 14:45:00,BNBUSDT,500438.8200000000000000,444084710.2729409300000000,2.43716747,1.13112100,3.05325211,1.14413800
2026-01-09 14:50:00,BNBUSDT,500611.1800000000000000,443921969.9768000000000000,2.44013191,1.13132800,3.05334468,0.97427700
2026-01-09 14:55:00,BNBUSDT,500589.2400000000000000,444470992.0232550000000000,2.43737323,1.13126500,3.05203220,1.96511600
2026-01-09 15:00:00,BNBUSDT,501161.8000000000000000,444961515.7480000000000000,2.43719103,1.12956400,3.05394082,1.87996400
2026-01-09 15:05:00,BNBUSDT,501282.4100000000000000,444777856.7448000000000000,2.42925781,1.13095100,3.04010434,1.21729500
2026-01-09 15:10:00,BNBUSDT,500832.0200000000000000,444828983.5236000000000000,2.43340086,1.12963300,3.04939806,0.57161500
2026-01-09 15:15:00,BNBUSDT,500727.6500000000000000,445335042.2283264000000000,2.43563102,1.12954600,3.04919212,1.23322500
2026-01-09 15:20:00,BNBUSDT,500892.4700000000000000,445709903.4135954000000000,2.43497531,1.12875200,3.04738562,1.07286200
2026-01-09 15:25:00,BNBUSDT,501020.5200000000000000,447741888.0243897400000000,2.42949285,1.12676900,3.04077365,1.44504000
2026-01-09 15:30:00,BNBUSDT,501210.9200000000000000,450023997.6407237000000000,2.40678180,1.12269900,3.03372847,1.36484500
2026-01-09 15:35:00,BNBUSDT,500910.3900000000000000,450418622.6880000000000000,2.36724009,1.12264900,2.94851814,1.15485500
2026-01-09 15:40:00,BNBUSDT,500118.4600000000000000,448426215.9744000000000000,2.35667996,1.12270200,2.95246343,0.69451500
2026-01-09 15:45:00,BNBUSDT,499946.7100000000000000,447211583.2589058000000000,2.34729646,1.12427500,2.93350775,0.77377200
2026-01-09 15:50:00,BNBUSDT,499594.0500000000000000,447356496.1320000000000000,2.34284651,1.12312100,2.92537218,1.34770900
2026-01-09 15:55:00,BNBUSDT,499831.3200000000000000,446794317.7313575000000000,2.34567135,1.12349800,2.93075110,0.93106500
2026-01-09 16:00:00,BNBUSDT,499720.1100000000000000,447296370.2773928000000000,2.35091000,1.12447600,2.98461039,1.45442800
2026-01-09 16:05:00,BNBUSDT,500498.5400000000000000,449411696.5384630600000000,2.34473324,1.12500200,2.97636317,2.12541000
2026-01-09 16:10:00,BNBUSDT,500695.8900000000000000,449809786.4658342000000000,2.34020363,1.12292500,2.97605643,1.41789500
2026-01-09 16:15:00,BNBUSDT,500810.7000000000000000,451310570.4120000000000000,2.32673757,1.11733200,2.96087153,1.34967900
2026-01-09 16:20:00,BNBUSDT,500996.2200000000000000,451267335.2028000000000000,2.31212308,1.11766200,2.94906545,1.21394600
2026-01-09 16:25:00,BNBUSDT,501036.7800000000000000,450454708.5651778000000000,2.31619822,1.11367800,2.95179949,0.55042800
2026-01-09 16:30:00,BNBUSDT,500998.5100000000000000,450193652.8396211000000000,2.31423290,1.11504000,2.94669920,1.06222900
2026-01-09 16:35:00,BNBUSDT,500913.9100000000000000,449586199.9792819000000000,2.31623088,1.11549300,2.94813958,1.05286400
2026-01-09 16:40:00,BNBUSDT,500905.3900000000000000,449631702.7562645000000000,2.31565314,1.11440300,2.94691858,1.44168400
2026-01-09 16:45:00,BNBUSDT,500983.7900000000000000,450264191.1004000000000000,2.31676329,1.11407900,2.94408064,1.96515900
2026-01-09 16:50:00,BNBUSDT,501053.2500000000000000,450246450.4500000000000000,2.31110017,1.11420600,2.94119156,1.51435700
2026-01-09 16:55:00,BNBUSDT,501062.1600000000000000,450747128.0835057000000000,2.30857213,1.11458400,2.93924245,1.76354500
2026-01-09 17:00:00,BNBUSDT,501390.1600000000000000,450993627.2411364300000000,2.30874216,1.11483400,2.93801626,1.17354200
2026-01-09 17:05:00,BNBUSDT,502467.5300000000000000,452115258.8187000000000000,2.30737101,1.11230600,2.94024593,1.93164100
2026-01-09 17:10:00,BNBUSDT,502774.4300000000000000,451979129.3371000000000000,2.29620563,1.11267500,2.93068864,1.99768300
2026-01-09 17:15:00,BNBUSDT,502714.0300000000000000,451562877.4475000000000000,2.26804124,1.11191200,2.90607138,1.15814100
2026-01-09 17:20:00,BNBUSDT,502497.4400000000000000,450222058.7661919000000000,2.27312508,1.11050700,2.91034044,0.52976800
2026-01-09 17:25:00,BNBUSDT,502417.2000000000000000,451276153.2120000000000000,2.27942969,1.11080300,2.91013238,4.08662300
2026-01-09 17:30:00,BNBUSDT,502412.0700000000000000,450862645.5147986400000000,2.28412834,1.11127300,2.91214108,0.70907000
2026-01-09 17:35:00,BNBUSDT,502447.8000000000000000,450600211.5180000000000000,2.29438395,1.11035400,2.91675696,0.97513600
2026-01-09 17:40:00,BNBUSDT,502546.3600000000000000,450843988.6270287000000000,2.29344102,1.11002000,2.91700134,1.35522500
2026-01-09 17:45:00,BNBUSDT,502398.9300000000000000,450528953.3211942300000000,2.29182975,1.10818700,2.91726687,1.23391400
2026-01-09 17:50:00,BNBUSDT,502511.3500000000000000,451707452.5150000000000000,2.29198777,1.10760200,2.91777155,2.07047100
2026-01-09 17:55:00,BNBUSDT,502494.5100000000000000,451933512.4038000000000000,2.28890789,1.10713300,2.91428389,1.04730700
2026-01-09 18:00:00,BNBUSDT,502649.6300000000000000,452058195.7184867000000000,2.28555745,1.10615300,2.91014880,1.10760000
2026-01-09 18:05:00,BNBUSDT,503202.3000000000000000,452736141.3330000000000000,2.28044325,1.10583700,2.90994479,1.17553500
2026-01-09 18:10:00,BNBUSDT,503195.0000000000000000,452030132.4000000000000000,2.28188574,1.10520700,2.91058510,0.54383800
2026-01-09 18:15:00,BNBUSDT,503192.7800000000000000,451711126.6782000000000000,2.28358937,1.10568000,2.90764937,2.13118200
2026-01-09 18:20:00,BNBUSDT,502924.2900000000000000,450670083.5065455000000000,2.28113575,1.11026300,2.90328305,1.39563800
2026-01-09 18:25:00,BNBUSDT,502674.0500000000000000,449993809.5600000000000000,2.28697033,1.10860100,2.91663485,0.63202000
2026-01-09 18:30:00,BNBUSDT,502610.8100000000000000,449293855.2752000000000000,2.28976648,1.10769800,2.92023954,0.69452100
2026-01-09 18:35:00,BNBUSDT,502630.5400000000000000,449682812.8046152600000000,2.30340253,1.11003600,2.93018796,1.15169600
2026-01-09 18:40:00,BNBUSDT,502841.4500000000000000,449926819.6673054700000000,2.31223057,1.11081300,2.94172703,0.89217100
2026-01-09 18:45:00,BNBUSDT,502996.2200000000000000,450418870.6801656500000000,2.31231527,1.11041800,2.94115762,1.42098000
2026-01-09 18:50:00,BNBUSDT,503118.9800000000000000,451015405.5748982000000000,2.31158439,1.11059100,2.93876897,1.10288800
2026-01-09 18:55:00,BNBUSDT,503078.5900000000000000,450923495.9631043000000000,2.31390908,1.11047400,2.94330426,1.28807100
2026-01-09 19:00:00,BNBUSDT,502990.9000000000000000,450697927.1825065000000000,2.31808091,1.11073100,2.94664526,0.73083600
2026-01-09 19:05:00,BNBUSDT,502959.8700000000000000,450320090.0058000000000000,2.31840612,1.11031800,2.94652029,0.74874900
2026-01-09 19:10:00,BNBUSDT,503013.4000000000000000,450192782.4307627700000000,2.32082459,1.10991800,2.94856152,0.76849900
2026-01-09 19:15:00,BNBUSDT,502940.3000000000000000,449416923.2662308000000000,2.32152118,1.10977200,2.95038879,0.64790500
2026-01-09 19:20:00,BNBUSDT,502874.7000000000000000,449026877.1240000000000000,2.31856878,1.11006100,2.94656734,1.24715800
2026-01-09 19:25:00,BNBUSDT,502732.2700000000000000,448743851.5247000000000000,2.32331850,1.10982200,2.94939883,0.80184600
2026-01-09 19:30:00,BNBUSDT,502677.0800000000000000,448704641.9204000000000000,2.31818743,1.10951900,2.94641480,1.12892800
2026-01-09 19:35:00,BNBUSDT,502522.3900000000000000,448265047.5517000000000000,2.31749167,1.10915700,2.95401855,1.24092400
2026-01-09 19:40:00,BNBUSDT,502595.5600000000000000,448737419.7904000000000000,2.31835021,1.10893400,2.95382535,2.07053900
2026-01-09 19:45:00,BNBUSDT,502629.9800000000000000,448643019.8504740600000000,2.31814815,1.10879600,2.95306766,1.33168600
2026-01-09 19:50:00,BNBUSDT,502757.0800000000000000,449415564.3537308000000000,2.31663376,1.10976500,2.95707933,3.77642100
2026-01-09 19:55:00,BNBUSDT,502663.2300000000000000,449325469.5549089000000000,2.31602319,1.10954400,2.95607085,1.02539000
2026-01-09 20:00:00,BNBUSDT,503350.5900000000000000,449879656.8243000000000000,2.30702078,1.11446800,2.94225958,1.63150000
2026-01-09 20:05:00,BNBUSDT,503355.0500000000000000,450064850.8565000000000000,2.31027692,1.11303600,2.94746644,1.34513700
2026-01-09 20:10:00,BNBUSDT,503246.4600000000000000,450400549.2354000000000000,2.30979331,1.11224300,2.94608472,1.09223100
2026-01-09 20:15:00,BNBUSDT,503349.8100000000000000,450642096.7265158000000000,2.30988687,1.11173800,2.94489704,1.73007600
2026-01-09 20:20:00,BNBUSDT,503430.6700000000000000,451048708.7865000000000000,2.31119311,1.11187900,2.94843971,1.90447100
2026-01-09 20:25:00,BNBUSDT,503501.0700000000000000,450996701.5385667000000000,2.31253077,1.11232500,2.95066487,1.11414200
2026-01-09 20:30:00,BNBUSDT,503497.9300000000000000,450716241.9981000000000000,2.31754840,1.11223500,2.95242993,1.00685100
2026-01-09 20:35:00,BNBUSDT,503612.6700000000000000,451332638.7273000000000000,2.31595168,1.11174600,2.95122108,1.16318900
2026-01-09 20:40:00,BNBUSDT,503589.2600000000000000,451014674.3395337500000000,2.31877083,1.11168500,2.95389068,0.66968800
2026-01-09 20:45:00,BNBUSDT,503530.2400000000000000,450136001.8510961000000000,2.31918045,1.11168000,2.95713458,0.38920300
2026-01-09 20:50:00,BNBUSDT,503646.0600000000000000,450721844.0742364000000000,2.31889424,1.11142200,2.95491382,2.93895700
2026-01-09 20:55:00,BNBUSDT,503658.0600000000000000,450506735.6673029700000000,2.31971362,1.11148200,2.95503956,1.23073900
2026-01-09 21:00:00,BNBUSDT,503827.9700000000000000,450252082.9500997000000000,2.32410383,1.11217200,2.95707851,0.56308900
2026-01-09 21:05:00,BNBUSDT,503955.0600000000000000,450167936.4462000000000000,2.32652809,1.11211800,2.96343823,0.74887600
2026-01-09 21:10:00,BNBUSDT,504087.7600000000000000,450891378.6872000000000000,2.32168005,1.11041300,2.95827162,3.18883500
2026-01-09 21:15:00,BNBUSDT,504227.0200000000000000,451096618.9026000000000000,2.32143739,1.11012200,2.95796318,1.32186800
2026-01-09 21:20:00,BNBUSDT,504227.0100000000000000,451626048.3168000000000000,2.32201087,1.11005800,2.95732218,1.39649100
2026-01-09 21:25:00,BNBUSDT,503963.1800000000000000,451130632.5964559300000000,2.32636656,1.10992900,2.96466796,0.30707400
2026-01-09 21:30:00,BNBUSDT,503963.5300000000000000,451468197.0237546000000000,2.32504638,1.10968800,2.96440776,1.41358000
2026-01-09 21:35:00,BNBUSDT,503795.2400000000000000,450909030.1468533000000000,2.32961862,1.10990900,2.96626895,0.89315300
2026-01-09 21:40:00,BNBUSDT,503991.4000000000000000,451409977.2380000000000000,2.33040248,1.10913300,2.96787097,3.38646100
2026-01-09 21:45:00,BNBUSDT,503928.0200000000000000,451280702.3984239700000000,2.33267229,1.10916200,2.97075155,0.63515500
2026-01-09 21:50:00,BNBUSDT,503957.5700000000000000,451319201.8135000000000000,2.33337466,1.10894500,2.97088256,1.04187100
2026-01-09 21:55:00,BNBUSDT,504018.9500000000000000,451619947.8019776000000000,2.33069111,1.10861700,2.96928438,2.54907300
2026-01-09 22:00:00,BNBUSDT,504156.3000000000000000,452071912.6470000000000000,2.32908258,1.10833200,2.96640010,2.67517200
2026-01-09 22:05:00,BNBUSDT,504220.3400000000000000,452245307.3528000000000000,2.32936950,1.10840000,2.96991802,1.08111800
2026-01-09 22:10:00,BNBUSDT,504350.4200000000000000,452513283.8324000000000000,2.32632100,1.10796500,2.96921389,1.42686500
2026-01-09 22:15:00,BNBUSDT,504378.6900000000000000,451887999.7317000000000000,2.33143282,1.10850000,2.97286646,0.93743000
2026-01-09 22:20:00,BNBUSDT,504427.1100000000000000,452047398.8976000000000000,2.32928793,1.10817900,2.97081988,1.20932000
2026-01-09 22:25:00,BNBUSDT,504483.9500000000000000,451777697.7925650000000000,2.33610525,1.10773100,2.97614738,0.72334400
2026-01-09 22:30:00,BNBUSDT,504523.3500000000000000,452022650.1990000000000000,2.33453237,1.10740600,2.97550414,0.79492800
2026-01-09 22:35:00,BNBUSDT,504618.6300000000000000,452400694.1676000000000000,2.33569124,1.10693800,2.97332041,1.32646900
2026-01-09 22:40:00,BNBUSDT,504624.3100000000000000,452286757.2085237500000000,2.33730602,1.10691600,2.97460584,0.88565100
2026-01-09 22:45:00,BNBUSDT,504584.5400000000000000,452060316.4189305300000000,2.34340796,1.10720400,2.97968689,0.72539300
2026-01-09 22:50:00,BNBUSDT,504590.3200000000000000,452243453.5384692000000000,2.34237035,1.10691900,2.98142635,1.42264100
2026-01-09 22:55:00,BNBUSDT,504531.1500000000000000,452532623.2173456000000000,2.33722229,1.10629000,2.98033762,1.74589700
2026-01-09 23:00:00,BNBUSDT,504522.3000000000000000,452561581.6063361000000000,2.33577367,1.10605700,2.97827914,1.18229000
2026-01-09 23:05:00,BNBUSDT,504534.0900000000000000,452519022.7610435500000000,2.33010913,1.10530500,2.96909677,1.03247500
2026-01-09 23:10:00,BNBUSDT,504563.4200000000000000,452699346.0582000000000000,2.32961310,1.10491400,2.96902826,1.44201200
2026-01-09 23:15:00,BNBUSDT,504616.7500000000000000,452863231.1667017300000000,2.33031506,1.10459400,2.96960506,1.46264400
2026-01-09 23:20:00,BNBUSDT,504653.9700000000000000,452614052.6136000000000000,2.33196874,1.10427600,2.96871573,0.53420600
2026-01-09 23:25:00,BNBUSDT,505116.8300000000000000,453714343.2087457000000000,2.32796232,1.10184500,2.96576844,12.44168800
2026-01-09 23:30:00,BNBUSDT,505110.3500000000000000,453720422.9910000000000000,2.32520124,1.10184700,2.96243557,2.60161400
2026-01-09 23:35:00,BNBUSDT,505167.2900000000000000,453903791.8916656400000000,2.32474929,1.10168600,2.96129822,1.91444500
2026-01-09 23:40:00,BNBUSDT,505072.6400000000000000,453423911.8336000000000000,2.32750929,1.10244900,2.96130071,0.90441900
2026-01-09 23:45:00,BNBUSDT,505084.2700000000000000,453530318.5611000000000000,2.32565627,1.10245600,2.96156075,0.85858200
2026-01-09 23:50:00,BNBUSDT,505077.8400000000000000,453391976.7672854000000000,2.32503715,1.10251100,2.96187778,1.56780000
2026-01-09 23:55:00,BNBUSDT,505003.9200000000000000,452964877.3650576000000000,2.32920025,1.10238300,2.96385542,0.23069600
2026-01-10 00:00:00,BNBUSDT,504967.6600000000000000,453128474.5657646000000000,2.32940593,1.10167700,2.96475061,0.99217400
