create_time,symbol,sum_open_interest,sum_open_interest_value,count_toptrader_long_short_ratio,sum_toptrader_long_short_ratio,count_long_short_ratio,sum_taker_long_short_vol_ratio
2024-07-29 00:05:00,ENAUSDT,118914764.0000000000000000,53206363.4395639200000000,1.12476989,1.05825200,1.42989918,0.66107800
2024-07-29 00:10:00,ENAUSDT,119017440.0000000000000000,53375645.3912784000000000,1.11931471,1.05521400,1.42482325,1.67053500
2024-07-29 00:15:00,ENAUSDT,118570277.0000000000000000,53299620.8036294800000000,1.12221541,1.05508900,1.43106980,0.92005900
2024-07-29 00:20:00,ENAUSDT,118500206.0000000000000000,53663862.2739148600000000,1.11668707,1.05729200,1.42070588,1.01470100
2024-07-29 00:25:00,ENAUSDT,118551598.0000000000000000,53869846.1312000000000000,1.10655571,1.05692100,1.40661570,1.08393700
2024-07-29 00:30:00,ENAUSDT,118143714.0000000000000000,53674958.8109459400000000,1.10573404,1.06266600,1.41157103,0.70780800
2024-07-29 00:35:00,ENAUSDT,117999872.0000000000000000,53707174.4613068800000000,1.10661241,1.06149100,1.41884240,0.99850700
2024-07-29 00:40:00,ENAUSDT,118017497.0000000000000000,53639325.3217905200000000,1.10909462,1.06356400,1.41876574,0.75520700
2024-07-29 00:45:00,ENAUSDT,117861653.0000000000000000,53340360.7157766800000000,1.11115652,1.06327200,1.41843972,0.63718300
2024-07-29 00:50:00,ENAUSDT,117919496.0000000000000000,53244317.3819356800000000,1.10911687,1.06419100,1.41301273,0.88843300
2024-07-29 00:55:00,ENAUSDT,118042845.0000000000000000,53308148.8020000000000000,1.09887460,1.06157000,1.40350605,0.54729900
2024-07-29 01:00:00,ENAUSDT,117972291.0000000000000000,53214005.5040123700000000,1.10191339,1.06206600,1.40661902,0.82360500
2024-07-29 01:05:00,ENAUSDT,117983293.0000000000000000,53389149.6604155700000000,1.10167440,1.06157000,1.39739817,1.35336000
2024-07-29 01:10:00,ENAUSDT,117949989.0000000000000000,53313954.1109478600000000,1.10250202,1.06181300,1.39807931,0.65083200
2024-07-29 01:15:00,ENAUSDT,117950581.0000000000000000,53276804.2349433100000000,1.10000000,1.06163900,1.39662382,1.17946300
2024-07-29 01:20:00,ENAUSDT,117888694.0000000000000000,52955601.3448000000000000,1.10141414,1.06047600,1.39888164,1.17831800
2024-07-29 01:25:00,ENAUSDT,117946286.0000000000000000,53040444.8142000000000000,1.09856884,1.05869700,1.39448404,1.84799800
2024-07-29 01:30:00,ENAUSDT,117891326.0000000000000000,53157198.8934000000000000,1.09953657,1.05952800,1.39343755,0.81321200
2024-07-29 01:35:00,ENAUSDT,117895547.0000000000000000,53276997.6893000000000000,1.09973806,1.05898700,1.39449257,1.31069600
2024-07-29 01:40:00,ENAUSDT,117922650.0000000000000000,53133158.3985540000000000,1.10058456,1.05827600,1.39569793,0.86308900
2024-07-29 01:45:00,ENAUSDT,118030598.0000000000000000,52918852.1901568200000000,1.10482731,1.05999800,1.40693516,0.60738500
2024-07-29 01:50:00,ENAUSDT,118064082.0000000000000000,52961418.4898015400000000,1.07324335,1.05969400,1.40164571,0.82778200
2024-07-29 01:55:00,ENAUSDT,118018606.0000000000000000,52904355.1159938600000000,1.07198096,1.05801600,1.40096169,1.00244400
2024-07-29 02:00:01,ENAUSDT,117975834.0000000000000000,52770590.5482000000000000,1.07298691,1.05713100,1.40176772,1.01786200
2024-07-29 02:05:00,ENAUSDT,117904140.0000000000000000,52655988.9240000000000000,1.08054893,1.05717500,1.41049191,0.97041900
2024-07-29 02:10:00,ENAUSDT,117874507.0000000000000000,52607392.4741000000000000,1.07887940,1.05649900,1.40462877,1.00669000
2024-07-29 02:15:00,ENAUSDT,117917839.0000000000000000,52976519.4857744300000000,1.07541179,1.05604700,1.40313567,2.16767700
2024-07-29 02:20:00,ENAUSDT,117960020.0000000000000000,53398486.2968584000000000,1.07652554,1.05766600,1.39962768,1.10844000
2024-07-29 02:25:00,ENAUSDT,118013697.0000000000000000,53814390.9888473100000000,1.06855558,1.05540100,1.38757534,1.40212400
2024-07-29 02:30:00,ENAUSDT,117744772.0000000000000000,53445313.9855872400000000,1.07223655,1.05369000,1.38930118,0.66131300
2024-07-29 02:35:00,ENAUSDT,118157315.0000000000000000,54047201.1841226500000000,1.06062992,1.05171300,1.37010404,1.74865600
2024-07-29 02:40:00,ENAUSDT,118104226.0000000000000000,54246874.8571890800000000,1.05603618,1.04973300,1.36893650,0.99904500
2024-07-29 02:45:02,ENAUSDT,117803833.0000000000000000,54198651.4791998500000000,1.05694581,1.05091200,1.35837532,0.74158600
2024-07-29 02:50:00,ENAUSDT,118044450.0000000000000000,54771348.7394955000000000,1.04452727,1.04796000,1.33485471,1.35656700
2024-07-29 02:55:00,ENAUSDT,118061533.0000000000000000,54815969.7719000000000000,1.03676183,1.04606400,1.32483690,0.54530700
2024-07-29 03:00:00,ENAUSDT,118054085.0000000000000000,54827381.7580466000000000,1.03144531,1.04594500,1.31718395,0.59992000
2024-07-29 03:05:00,ENAUSDT,118366865.0000000000000000,55195585.3490369500000000,1.02764798,1.04346600,1.31115815,1.54936400
2024-07-29 03:10:00,ENAUSDT,118343031.0000000000000000,55207454.7301328400000000,1.03553898,1.04334900,1.32255605,0.96990900
2024-07-29 03:15:00,ENAUSDT,118363747.0000000000000000,55188894.9840669300000000,1.03197332,1.04312600,1.31638246,0.88127800
2024-07-29 03:20:00,ENAUSDT,118502685.0000000000000000,55051493.5810224000000000,1.04373639,1.04465400,1.33436008,0.88905200
2024-07-29 03:25:00,ENAUSDT,118485885.0000000000000000,55143330.8790000000000000,1.04313415,1.04606200,1.32831233,0.88826600
2024-07-29 03:30:01,ENAUSDT,118581574.0000000000000000,55168603.3345351800000000,1.04126357,1.04756700,1.32372777,0.66983700
2024-07-29 03:35:00,ENAUSDT,118618177.0000000000000000,55045731.7749925500000000,1.03745318,1.04985700,1.31273837,0.98183000
2024-07-29 03:40:00,ENAUSDT,118590393.0000000000000000,54986953.3884933900000000,1.03627045,1.04946200,1.31112805,0.78840200
2024-07-29 03:45:00,ENAUSDT,118648056.0000000000000000,54898455.5112000000000000,1.02278037,1.05030200,1.28267705,0.94728600
2024-07-29 03:50:00,ENAUSDT,118949276.0000000000000000,54892985.4718148000000000,1.02732774,1.04851700,1.29080788,0.81921000
2024-07-29 03:55:00,ENAUSDT,118995533.0000000000000000,55118730.8856000000000000,1.02673692,1.04827600,1.29227526,1.04243500
2024-07-29 04:00:00,ENAUSDT,118967895.0000000000000000,55261696.0082814000000000,1.02750146,1.04834600,1.28940646,1.08397300
2024-07-29 04:05:00,ENAUSDT,119073672.0000000000000000,56073374.6339008800000000,1.01789187,1.04870000,1.27470060,1.77896200
2024-07-29 04:10:00,ENAUSDT,118936787.0000000000000000,55579160.5651000000000000,1.01635833,1.04788400,1.26970830,0.72110700
2024-07-29 04:15:00,ENAUSDT,118990685.0000000000000000,55544919.5826904500000000,1.01576489,1.04697200,1.27069921,1.00114000
2024-07-29 04:20:00,ENAUSDT,119076875.0000000000000000,55775867.8375875000000000,1.01244168,1.04657900,1.27225052,0.91316600
2024-07-29 04:25:01,ENAUSDT,119194390.0000000000000000,56009443.8610000000000000,1.01518100,1.04822700,1.26485518,1.45913400
2024-07-29 04:30:00,ENAUSDT,119060658.0000000000000000,55941938.3976195600000000,1.01380786,1.04547900,1.26316575,0.77332600
2024-07-29 04:35:00,ENAUSDT,118954457.0000000000000000,55813431.2244000000000000,1.01244410,1.04444000,1.26208234,0.74482100
2024-07-29 04:40:00,ENAUSDT,119062957.0000000000000000,55673838.6932000000000000,1.01283797,1.04413300,1.26107713,0.80395700
2024-07-29 04:45:00,ENAUSDT,119116559.0000000000000000,55341553.3114000000000000,1.14971928,1.04770600,1.37682754,0.44311600
2024-07-29 04:50:00,ENAUSDT,118872143.0000000000000000,55387165.0598341400000000,1.14986489,1.04604800,1.36998118,0.86831500
2024-07-29 04:55:00,ENAUSDT,118889275.0000000000000000,55569999.1720747500000000,1.14799418,1.04440800,1.37425338,0.79163100
2024-07-29 05:00:00,ENAUSDT,118885165.0000000000000000,55477491.1890738000000000,1.14713217,1.04431100,1.37492133,0.81528000
2024-07-29 05:05:02,ENAUSDT,119080440.0000000000000000,55920174.6240000000000000,1.15053092,1.04305600,1.37939184,1.34890500
2024-07-29 05:10:00,ENAUSDT,119188832.0000000000000000,55863805.5584000000000000,1.15214673,1.04473100,1.37464612,1.01741900
2024-07-29 05:15:00,ENAUSDT,119371725.0000000000000000,56071216.2376822500000000,1.14407131,1.04515100,1.36315379,1.41645100
2024-07-29 05:20:00,ENAUSDT,119789636.0000000000000000,56684455.7552000000000000,1.13654204,1.04884300,1.35751053,1.32481500
2024-07-29 05:25:00,ENAUSDT,119668624.0000000000000000,56525571.4779854400000000,1.13507401,1.04717100,1.36162935,0.86897100
2024-07-29 05:30:00,ENAUSDT,119607252.0000000000000000,56383957.7834458800000000,1.13541881,1.04640600,1.35834110,0.96007700
2024-07-29 05:35:00,ENAUSDT,119903022.0000000000000000,56390391.2466000000000000,1.13454022,1.04125800,1.35387242,1.16610300
2024-07-29 05:40:00,ENAUSDT,119561513.0000000000000000,56146873.2195555400000000,1.13310019,1.04467600,1.35154431,0.61716600
2024-07-29 05:45:00,ENAUSDT,119472380.0000000000000000,56032546.2200000000000000,1.13526868,1.04363600,1.36511156,1.07463100
2024-07-29 05:50:00,ENAUSDT,119444031.0000000000000000,55985015.4908347800000000,1.13341569,1.04681900,1.35872274,0.73547600
2024-07-29 05:55:00,ENAUSDT,119324019.0000000000000000,55788049.0247880900000000,1.14140996,1.04730200,1.36907184,0.58950400
2024-07-29 06:00:00,ENAUSDT,119640366.0000000000000000,56390396.3969059800000000,1.13678564,1.04818200,1.35772105,1.94578500
2024-07-29 06:05:00,ENAUSDT,120120064.0000000000000000,56931813.6416844800000000,1.14014055,1.05269300,1.35634328,1.50874700
2024-07-29 06:10:00,ENAUSDT,120072602.0000000000000000,56677119.8682975000000000,1.14525487,1.05134300,1.36013714,0.81271700
2024-07-29 06:15:00,ENAUSDT,119940299.0000000000000000,56707773.3672000000000000,1.14831741,1.05070500,1.36623905,0.82071100
2024-07-29 06:20:00,ENAUSDT,120406202.0000000000000000,57223047.5005000000000000,1.14502075,1.05197300,1.35892634,1.99218200
2024-07-29 06:25:00,ENAUSDT,120440547.0000000000000000,57004510.8951000000000000,1.14733347,1.05406500,1.36594146,0.98835600
2024-07-29 06:30:00,ENAUSDT,120325507.0000000000000000,56962095.0138000000000000,1.14650342,1.05239000,1.36096799,1.07521700
2024-07-29 06:35:00,ENAUSDT,120239506.0000000000000000,56811135.7397436600000000,1.14525835,1.05250500,1.36059944,0.70603500
2024-07-29 06:40:00,ENAUSDT,120269112.0000000000000000,56833502.0210402400000000,1.14802495,1.05168600,1.36017478,1.06538600
2024-07-29 06:45:00,ENAUSDT,120235366.0000000000000000,56882074.7550130800000000,1.14336173,1.05142700,1.35815769,1.33609400
2024-07-29 06:50:00,ENAUSDT,119341388.0000000000000000,55972112.2462453200000000,1.15564854,1.04630100,1.37813535,0.39676700
2024-07-29 06:55:00,ENAUSDT,119432450.0000000000000000,56001875.8050000000000000,1.15315504,1.05058200,1.37399654,0.45239500
2024-07-29 07:00:00,ENAUSDT,119915880.0000000000000000,55940758.0200000000000000,1.16083036,1.04316400,1.38021492,1.00823000
2024-07-29 07:05:00,ENAUSDT,120006581.0000000000000000,56124745.0057653600000000,1.15545778,1.04721200,1.37101861,0.97847700
2024-07-29 07:10:00,ENAUSDT,120078287.0000000000000000,56244835.3388360600000000,1.15233312,1.04832000,1.37121690,0.87351600
2024-07-29 07:15:03,ENAUSDT,120082784.0000000000000000,56318825.6960000000000000,1.15022984,1.04871300,1.36646744,1.45249200
2024-07-29 07:20:00,ENAUSDT,120014549.0000000000000000,56154807.4771000000000000,1.14947808,1.04558700,1.37076705,1.23894400
2024-07-29 07:25:00,ENAUSDT,119968656.0000000000000000,56205315.3360000000000000,1.14936286,1.04749900,1.36674009,1.16280600
2024-07-29 07:30:00,ENAUSDT,119995745.0000000000000000,56278004.4050000000000000,1.14844240,1.04693600,1.36675586,1.82746700
2024-07-29 07:35:00,ENAUSDT,119979057.0000000000000000,56174194.4874000000000000,1.14930991,1.04915200,1.36905137,0.81743000
2024-07-29 07:40:00,ENAUSDT,120014135.0000000000000000,56204288.8171178500000000,1.14906962,1.04945400,1.36905137,1.23981200
2024-07-29 07:45:00,ENAUSDT,120004045.0000000000000000,56240272.5019513000000000,1.15192791,1.05047200,1.37231692,0.76540200
2024-07-29 07:50:00,ENAUSDT,119920343.0000000000000000,56004776.4682526400000000,1.15400755,1.04953500,1.37715551,0.93718700
2024-07-29 07:55:00,ENAUSDT,119922093.0000000000000000,55905588.3152980800000000,1.16208272,1.05204700,1.38187856,0.52517800
2024-07-29 08:00:01,ENAUSDT,120330931.0000000000000000,56284632.9351117700000000,1.15737636,1.05614700,1.36911695,1.80465400
2024-07-29 08:05:00,ENAUSDT,120592975.0000000000000000,56548075.5572692500000000,1.15352437,1.05793900,1.36171214,1.73746000
2024-07-29 08:10:00,ENAUSDT,120726461.0000000000000000,56556172.2574786200000000,1.15136943,1.05762300,1.36305133,1.54093100
2024-07-29 08:15:00,ENAUSDT,120841198.0000000000000000,56852929.3899032400000000,1.15292887,1.05730900,1.36569274,1.63955000
2024-07-29 08:20:00,ENAUSDT,120881121.0000000000000000,56666667.6169257300000000,1.17064990,1.05804400,1.38361120,0.93936900
2024-07-29 08:25:00,ENAUSDT,120930431.0000000000000000,56647842.0730566100000000,1.16953060,1.05820200,1.38451857,0.89199200
2024-07-29 08:30:00,ENAUSDT,120991890.0000000000000000,56499247.7257647000000000,1.17356588,1.05940600,1.39074834,0.69028000
2024-07-29 08:35:00,ENAUSDT,121049065.0000000000000000,56404235.3737544000000000,1.17803030,1.05752900,1.39067194,0.48262800
2024-07-29 08:40:00,ENAUSDT,121015421.0000000000000000,56589724.9109376800000000,1.17124869,1.05600700,1.38765198,0.97142500
2024-07-29 08:45:00,ENAUSDT,121023944.0000000000000000,56522115.1261800000000000,1.16939203,1.05481200,1.39186838,0.87114000
2024-07-29 08:50:00,ENAUSDT,121015389.0000000000000000,56848183.0858705500000000,1.16617770,1.05372400,1.38949533,1.68836700
2024-07-29 08:55:00,ENAUSDT,121013380.0000000000000000,56688313.6763108000000000,1.16600293,1.05438900,1.38641390,0.81492900
2024-07-29 09:00:00,ENAUSDT,121074103.0000000000000000,56625705.3836848300000000,1.16740088,1.05439900,1.39054097,0.59425600
2024-07-29 09:05:00,ENAUSDT,121152004.0000000000000000,56707236.8834674000000000,1.16663173,1.05311600,1.38755527,2.05967600
2024-07-29 09:10:00,ENAUSDT,121204474.0000000000000000,56929741.4378000000000000,1.16199247,1.05245800,1.37787221,1.53205500
2024-07-29 09:15:00,ENAUSDT,121127014.0000000000000000,56857772.5703569400000000,1.16485128,1.05490600,1.38090737,0.67406800
2024-07-29 09:20:00,ENAUSDT,121154215.0000000000000000,56700172.6200000000000000,1.16785564,1.05545900,1.38130517,1.16971200
2024-07-29 09:25:01,ENAUSDT,121201827.0000000000000000,56783055.9495000000000000,1.16558374,1.05582300,1.38090737,1.31299700
2024-07-29 09:30:00,ENAUSDT,121171813.0000000000000000,56813953.9799955200000000,1.16743601,1.05573700,1.38349897,1.26366700
2024-07-29 09:35:00,ENAUSDT,121147841.0000000000000000,56560317.9687166100000000,1.17132647,1.05611800,1.39012814,0.84884500
2024-07-29 09:40:00,ENAUSDT,121167429.0000000000000000,56508217.7337277500000000,1.17041395,1.05679600,1.38931056,0.85632800
2024-07-29 09:45:00,ENAUSDT,121564242.0000000000000000,56563841.8026000000000000,1.17471022,1.05679200,1.39609462,1.45005800
2024-07-29 09:50:00,ENAUSDT,121615386.0000000000000000,56538992.9514000000000000,1.17924926,1.06052600,1.39692356,0.52337600
2024-07-29 09:55:00,ENAUSDT,121725452.0000000000000000,56584384.3275935600000000,1.17955743,1.06215500,1.40177580,1.14396000
2024-07-29 10:00:01,ENAUSDT,121739896.0000000000000000,56599512.1017494400000000,1.17572958,1.06178700,1.39429742,0.90987700
2024-07-29 10:05:01,ENAUSDT,121807741.0000000000000000,56506611.0499000000000000,1.17672956,1.06330300,1.39851992,0.45463600
2024-07-29 10:10:00,ENAUSDT,121841797.0000000000000000,56498041.2689000000000000,1.17472275,1.06147300,1.39537809,1.33735500
2024-07-29 10:15:00,ENAUSDT,121803414.0000000000000000,56443702.0476000000000000,1.17434073,1.06174400,1.39362537,0.90365400
2024-07-29 10:20:00,ENAUSDT,121865289.0000000000000000,56398087.0610784900000000,1.18799066,1.06235400,1.41507024,0.37500300
2024-07-29 10:25:00,ENAUSDT,121899622.0000000000000000,56389245.0489136600000000,1.18934409,1.06170400,1.41726619,1.17613500
2024-07-29 10:30:00,ENAUSDT,121923165.0000000000000000,56474810.0280000000000000,1.18893130,1.06186800,1.41442016,1.39157500
2024-07-29 10:35:00,ENAUSDT,121970708.0000000000000000,56495424.4036296800000000,1.19066808,1.06199900,1.41706539,1.10536800
2024-07-29 10:40:00,ENAUSDT,121781729.0000000000000000,56564690.3590040000000000,1.18510683,1.05989400,1.41139946,1.35374700
2024-07-29 10:45:00,ENAUSDT,121742916.0000000000000000,56685070.9557872400000000,1.18237532,1.05970100,1.41044420,1.45528300
2024-07-29 10:50:00,ENAUSDT,121782840.0000000000000000,56532283.6188744000000000,1.18564776,1.05993200,1.41236456,1.22904000
2024-07-29 10:55:00,ENAUSDT,121768502.0000000000000000,56681495.1737363800000000,1.18191422,1.05912700,1.40944506,1.49001300
2024-07-29 11:00:00,ENAUSDT,121772788.0000000000000000,56695915.9406912400000000,1.18241387,1.05911500,1.41344163,0.91416600
2024-07-29 11:05:00,ENAUSDT,121751813.0000000000000000,56399192.1724766600000000,1.18320288,1.05922000,1.40986476,0.78605300
2024-07-29 11:10:00,ENAUSDT,121710976.0000000000000000,56295174.9010611200000000,1.18499682,1.05870600,1.41249602,1.48460300
2024-07-29 11:15:00,ENAUSDT,121663331.0000000000000000,56349579.8695268300000000,1.18503603,1.05909200,1.41609452,1.97604800
2024-07-29 11:20:00,ENAUSDT,121647012.0000000000000000,56520377.9786833200000000,1.18443926,1.05883200,1.41278699,1.05793300
2024-07-29 11:25:00,ENAUSDT,121666180.0000000000000000,56606527.3563182000000000,1.18201058,1.05707500,1.40737796,1.92045200
2024-07-29 11:30:00,ENAUSDT,121491141.0000000000000000,56473096.4040986400000000,1.18453390,1.05777500,1.40667727,0.33865600
2024-07-29 11:35:00,ENAUSDT,121411253.0000000000000000,56359103.6426000000000000,1.18557794,1.05653200,1.40884505,1.60923500
2024-07-29 11:40:00,ENAUSDT,121320791.0000000000000000,56110865.8375000000000000,1.18844274,1.05757700,1.41099602,0.50439500
2024-07-29 11:45:00,ENAUSDT,121341006.0000000000000000,56251247.7871492200000000,1.18700913,1.05727800,1.41156788,1.10957000
2024-07-29 11:50:00,ENAUSDT,121252629.0000000000000000,56070949.0180469100000000,1.19418928,1.05465200,1.42552167,1.49828400
2024-07-29 11:55:00,ENAUSDT,121234634.0000000000000000,56052671.7878367800000000,1.19824449,1.05595600,1.42671376,0.81122900
2024-07-29 12:00:01,ENAUSDT,121252942.0000000000000000,56067360.3808000000000000,1.19798586,1.05676900,1.42487961,0.58918700
2024-07-29 12:05:00,ENAUSDT,121120617.0000000000000000,56018285.3625000000000000,1.19192135,1.05605400,1.41214058,1.47761200
2024-07-29 12:10:00,ENAUSDT,121258392.0000000000000000,56015684.0224956000000000,1.19781397,1.05849900,1.41884313,0.73944400
2024-07-29 12:15:00,ENAUSDT,121217560.0000000000000000,55958504.6848420000000000,1.19704117,1.05857700,1.41298784,0.91685500
2024-07-29 12:20:00,ENAUSDT,121424123.0000000000000000,56316839.7352557900000000,1.19132108,1.05938900,1.40794512,0.82534800
2024-07-29 12:25:00,ENAUSDT,121642200.0000000000000000,56550696.0834060000000000,1.18822023,1.05606700,1.40826420,2.36605400
2024-07-29 12:30:00,ENAUSDT,121504636.0000000000000000,56548607.5277516800000000,1.18466454,1.05530800,1.39869800,0.67017800
2024-07-29 12:35:00,ENAUSDT,121420014.0000000000000000,56472448.5114000000000000,1.18458591,1.05318200,1.40543980,1.27909900
2024-07-29 12:40:00,ENAUSDT,121326188.0000000000000000,56198290.2816000000000000,1.19217614,1.05468300,1.40863470,0.74163000
2024-07-29 12:45:00,ENAUSDT,121277937.0000000000000000,56236579.3869000000000000,1.18890075,1.05426900,1.40674729,1.94084000
2024-07-29 12:50:00,ENAUSDT,121274068.0000000000000000,56115911.2774057200000000,1.19311377,1.05446000,1.41872000,1.00051800
2024-07-29 12:55:00,ENAUSDT,121279762.0000000000000000,56242142.2093441800000000,1.19098483,1.05451100,1.41585424,1.27558500
2024-07-29 13:00:00,ENAUSDT,121373774.0000000000000000,56384217.0551435000000000,1.19144385,1.05303300,1.41480179,1.95648900
2024-07-29 13:05:00,ENAUSDT,121447603.0000000000000000,56618872.5186000000000000,1.18876788,1.05090600,1.41175531,2.18002200
2024-07-29 13:10:00,ENAUSDT,121314554.0000000000000000,56411267.6100000000000000,1.18855435,1.05136800,1.41098515,0.82617800
2024-07-29 13:15:00,ENAUSDT,121183932.0000000000000000,56544422.6712000000000000,1.18482200,1.05230500,1.40717131,0.91595400
2024-07-29 13:20:00,ENAUSDT,121136315.0000000000000000,56364727.3695000000000000,1.19106647,1.05144300,1.42190507,0.89709600
2024-07-29 13:25:00,ENAUSDT,121125151.0000000000000000,56193622.7959692600000000,1.19562888,1.04964400,1.42528920,1.22454900
2024-07-29 13:30:00,ENAUSDT,120998516.0000000000000000,55973913.5016000000000000,1.19806867,1.05216900,1.42586041,0.78550100
2024-07-29 13:35:00,ENAUSDT,120883226.0000000000000000,55840761.1534722000000000,1.19785177,1.05210700,1.42131490,0.96545800
2024-07-29 13:40:00,ENAUSDT,120906021.0000000000000000,55882762.9062000000000000,1.19969873,1.05339900,1.41730893,0.85915200
2024-07-29 13:45:00,ENAUSDT,120856980.0000000000000000,55860096.1560000000000000,1.20081879,1.05264200,1.42392005,1.02278800
2024-07-29 13:50:00,ENAUSDT,120964901.0000000000000000,55770225.2824256900000000,1.20246061,1.05689700,1.42353702,0.75170300
2024-07-29 13:55:00,ENAUSDT,120896728.0000000000000000,55779682.9651512000000000,1.20519481,1.05719600,1.42991564,0.91707900
2024-07-29 14:00:01,ENAUSDT,120797680.0000000000000000,55639110.6217768000000000,1.21141741,1.05756600,1.43930259,0.66782200
2024-07-29 14:05:00,ENAUSDT,120377290.0000000000000000,55048534.7170000000000000,1.23242531,1.05957400,1.44663707,0.44004200
2024-07-29 14:10:00,ENAUSDT,120339978.0000000000000000,55084124.2899743400000000,1.23692919,1.05911200,1.45687800,0.82461800
2024-07-29 14:15:00,ENAUSDT,119961755.0000000000000000,54510621.4720000000000000,1.24623561,1.05818800,1.47619843,0.45542000
2024-07-29 14:20:00,ENAUSDT,119830735.0000000000000000,54687987.7521729500000000,1.24353019,1.06020500,1.46316315,0.84546100
2024-07-29 14:25:00,ENAUSDT,119787999.0000000000000000,54657625.2438736800000000,1.24226348,1.05869300,1.46426197,1.34081600
2024-07-29 14:30:00,ENAUSDT,119730219.0000000000000000,54432927.9125305800000000,1.24485733,1.05957900,1.47025496,0.65617700
2024-07-29 14:35:00,ENAUSDT,119645628.0000000000000000,54331079.6748000000000000,1.24878049,1.06205200,1.47335894,0.72505700
2024-07-29 14:40:00,ENAUSDT,119680108.0000000000000000,54652943.3863223200000000,1.24336283,1.06222000,1.46485676,2.69887300
2024-07-29 14:45:00,ENAUSDT,119626632.0000000000000000,54589165.9523092800000000,1.24639929,1.06167000,1.46977519,0.85986400
2024-07-29 14:50:00,ENAUSDT,119803152.0000000000000000,54306459.7094678400000000,1.24501992,1.06139500,1.46987350,0.77382700
2024-07-29 14:55:00,ENAUSDT,119270338.0000000000000000,53981754.9788000000000000,1.27908541,1.07089200,1.51385603,0.44048500
2024-07-29 15:00:00,ENAUSDT,119632012.0000000000000000,54094375.3326369600000000,1.26596695,1.06372400,1.49336469,1.45095600
2024-07-29 15:05:00,ENAUSDT,119389467.0000000000000000,54091714.1800098000000000,1.26446281,1.06351200,1.49101595,1.24748400
2024-07-29 15:10:00,ENAUSDT,119264412.0000000000000000,53784940.2245670000000000,1.26695010,1.06073600,1.49176471,1.10495100
2024-07-29 15:15:00,ENAUSDT,119547196.0000000000000000,53688645.7236000000000000,1.28142631,1.05792500,1.51515668,0.71246500
2024-07-29 15:20:00,ENAUSDT,119753829.0000000000000000,53302429.2879000000000000,1.49762533,1.06061500,1.72736125,0.75290300
2024-07-29 15:25:00,ENAUSDT,119233129.0000000000000000,52939509.2760000000000000,1.71890244,1.05728200,1.89321635,0.63564700
2024-07-29 15:30:00,ENAUSDT,119224638.0000000000000000,53102653.7652000000000000,1.74001229,1.05142000,1.91322136,1.04708900
2024-07-29 15:35:00,ENAUSDT,119261045.0000000000000000,52808790.7260000000000000,1.76175838,1.05268100,1.96153020,1.00083000
2024-07-29 15:40:00,ENAUSDT,119452444.0000000000000000,53120501.8468000000000000,1.75712971,1.04561900,1.96858188,1.88230400
2024-07-29 15:45:00,ENAUSDT,119805062.0000000000000000,53385135.6272000000000000,1.77918468,1.04536500,1.99025763,1.28384900
2024-07-29 15:50:00,ENAUSDT,120012887.0000000000000000,53177174.9722239800000000,1.78547141,1.04678200,1.99740147,0.90515600
2024-07-29 15:55:00,ENAUSDT,120159467.0000000000000000,53363889.9155509700000000,1.79572226,1.04321700,2.02506539,1.76927600
2024-07-29 16:00:01,ENAUSDT,120018469.0000000000000000,53408218.7050000000000000,1.79844720,1.04412700,2.02004357,1.52027400
2024-07-29 16:05:00,ENAUSDT,119903555.0000000000000000,53323684.0387903000000000,1.77576130,1.04346500,1.99784204,1.07415200
2024-07-29 16:10:00,ENAUSDT,119989465.0000000000000000,53385365.9982461500000000,1.77640899,1.04391500,2.00259459,1.49238600
2024-07-29 16:15:00,ENAUSDT,120049090.0000000000000000,53673948.1390000000000000,1.77046154,1.04028600,2.01541802,1.66266900
2024-07-29 16:20:00,ENAUSDT,120026222.0000000000000000,53387663.5456000000000000,1.77309113,1.04025600,2.00996966,0.98661200
2024-07-29 16:25:00,ENAUSDT,120083475.0000000000000000,53373374.8447665000000000,1.77798335,1.04174400,2.01148429,1.03724600
2024-07-29 16:30:00,ENAUSDT,120044700.0000000000000000,53269031.3255100000000000,1.78114374,1.04186000,1.99870382,0.95967000
2024-07-29 16:35:00,ENAUSDT,119584951.0000000000000000,52855958.7881915700000000,1.72864473,1.03599900,1.95467121,0.85598900
2024-07-29 16:40:00,ENAUSDT,119536439.0000000000000000,52978549.7648000000000000,1.73834040,1.03692900,1.97027374,1.00353200
2024-07-29 16:45:00,ENAUSDT,119623236.0000000000000000,52790710.1724057600000000,1.73918306,1.03575600,1.97878268,0.92302600
2024-07-29 16:50:00,ENAUSDT,119486967.0000000000000000,52760042.6214219300000000,1.74393204,1.03298500,1.97943004,1.41651100
2024-07-29 16:55:00,ENAUSDT,119137546.0000000000000000,52795909.5423159400000000,1.71698679,1.03465300,1.95109041,1.87267900
2024-07-29 17:00:00,ENAUSDT,118881619.0000000000000000,52459063.2056613600000000,1.72798552,1.03423000,1.96174283,0.59957700
2024-07-29 17:05:00,ENAUSDT,118772468.0000000000000000,52590503.3373741600000000,1.70679380,1.02954500,1.93673813,1.24036500
2024-07-29 17:10:00,ENAUSDT,119061674.0000000000000000,53202269.6893229400000000,1.69839858,1.02019600,1.97666106,1.39653600
2024-07-29 17:15:00,ENAUSDT,118966870.0000000000000000,53422743.9466468000000000,1.69399881,1.01861700,1.96970972,1.20861900
2024-07-29 17:20:00,ENAUSDT,118711996.0000000000000000,53028648.6132000000000000,1.69631172,1.01757900,1.97952290,0.71193500
2024-07-29 17:25:00,ENAUSDT,118725400.0000000000000000,53129343.4315800000000000,1.68991098,1.01729800,1.96865138,1.10474900
2024-07-29 17:30:00,ENAUSDT,118588046.0000000000000000,52990710.2192010800000000,1.68851973,1.01371700,1.97198821,0.94597500
2024-07-29 17:35:00,ENAUSDT,118652707.0000000000000000,53132543.3709328100000000,1.69361070,1.01229300,1.97637629,1.26052000
2024-07-29 17:40:00,ENAUSDT,118697648.0000000000000000,52962890.5376000000000000,1.69381688,1.01227200,1.98456007,0.80013300
2024-07-29 17:45:00,ENAUSDT,118678997.0000000000000000,53064786.8327038700000000,1.70280765,1.01016700,2.02654867,1.18411100
2024-07-29 17:50:00,ENAUSDT,118776539.0000000000000000,53164378.8564000000000000,1.70783493,1.00765500,2.03110823,1.19883000
2024-07-29 17:55:00,ENAUSDT,118836123.0000000000000000,53057614.7024506800000000,1.71056570,1.00829200,2.04137782,1.06586900
2024-07-29 18:00:01,ENAUSDT,118790577.0000000000000000,52897443.9381000000000000,1.71677168,1.00957000,2.04159445,0.64617400
2024-07-29 18:05:00,ENAUSDT,118738776.0000000000000000,53036132.4125692800000000,1.72540736,1.01039400,2.04539531,1.10438900
2024-07-29 18:10:00,ENAUSDT,118722658.0000000000000000,53103414.9566631200000000,1.72549020,1.00913600,2.05777196,1.02851300
2024-07-29 18:15:00,ENAUSDT,118630351.0000000000000000,52847248.2781868100000000,1.73186215,1.00958900,2.06331878,0.59689800
2024-07-29 18:20:00,ENAUSDT,118640779.0000000000000000,52925651.5119000000000000,1.73321234,1.00838900,2.07089716,1.05321100
2024-07-29 18:25:00,ENAUSDT,118262694.0000000000000000,52966852.0396646400000000,1.71579903,1.00600900,2.01595280,0.83910700
2024-07-29 18:30:00,ENAUSDT,118183587.0000000000000000,52863518.4651000000000000,1.70996979,1.00629400,2.01310044,1.29879100
2024-07-29 18:35:00,ENAUSDT,118260858.0000000000000000,52697038.3248000000000000,1.72112761,1.00796100,2.02012248,0.83733900
2024-07-29 18:40:00,ENAUSDT,118232742.0000000000000000,52963339.2929860200000000,1.71714113,1.00709100,2.02675439,1.20237700
2024-07-29 18:45:00,ENAUSDT,118293852.0000000000000000,53106494.1329551200000000,1.71234120,1.00637700,2.02279702,1.99647000
2024-07-29 18:50:00,ENAUSDT,118213651.0000000000000000,53043674.5293497300000000,1.72191864,1.00597800,2.03943600,0.68306900
2024-07-29 18:55:00,ENAUSDT,118174061.0000000000000000,52977431.5463000000000000,1.72431611,1.00502100,2.04658865,1.23484800
2024-07-29 19:00:00,ENAUSDT,118222111.0000000000000000,52987150.1502000000000000,1.72475669,1.00535400,2.04704064,1.04993700
2024-07-29 19:05:00,ENAUSDT,118098702.0000000000000000,52778309.9238000000000000,1.74004899,1.00557900,2.05363475,0.78704400
2024-07-29 19:10:00,ENAUSDT,118158181.0000000000000000,52748561.5392718700000000,1.73207202,1.00572700,2.03635963,1.37683000
2024-07-29 19:15:00,ENAUSDT,118159988.0000000000000000,52758434.6420000000000000,1.72949070,1.00602300,2.04397790,1.17371600
2024-07-29 19:20:00,ENAUSDT,118154090.0000000000000000,52896044.1821255000000000,1.72912858,1.00554900,2.04487179,0.86167400
2024-07-29 19:25:00,ENAUSDT,118074744.0000000000000000,52607571.6700670400000000,1.72996038,1.00484200,2.04777704,0.69545100
2024-07-29 19:30:00,ENAUSDT,118110574.0000000000000000,52594638.6022000000000000,1.73520439,1.00574000,2.06238899,0.77427400
2024-07-29 19:35:00,ENAUSDT,118081513.0000000000000000,52534465.1337000000000000,1.49916528,1.00632800,1.86478640,0.80586900
2024-07-29 19:40:00,ENAUSDT,118173716.0000000000000000,52748418.1191829200000000,1.49237171,1.00525900,1.86528497,1.81660800
2024-07-29 19:45:00,ENAUSDT,118295193.0000000000000000,52661915.8577356800000000,1.49472222,1.00529700,1.86807716,0.88507100
2024-07-29 19:50:00,ENAUSDT,118307119.0000000000000000,52658150.8439701400000000,1.49278579,1.00538500,1.86240430,1.12052300
2024-07-29 19:55:00,ENAUSDT,118344805.0000000000000000,52681200.5967824500000000,1.49514294,1.00395700,1.87038573,0.91584900
2024-07-29 20:00:01,ENAUSDT,118368270.0000000000000000,52615109.1202623000000000,1.49306711,1.00410500,1.86503829,0.80966300
2024-07-29 20:05:00,ENAUSDT,118671047.0000000000000000,52760681.1189852900000000,1.48468120,1.00698800,1.85431692,0.79760800
2024-07-29 20:10:00,ENAUSDT,118725480.0000000000000000,52702240.5720000000000000,1.48371066,1.00629300,1.85796862,0.89177700
2024-07-29 20:15:00,ENAUSDT,118685420.0000000000000000,52642099.1116020000000000,1.48494059,1.00526800,1.86296833,0.55678000
2024-07-29 20:20:00,ENAUSDT,118659454.0000000000000000,52736830.9331735400000000,1.48355899,1.00520300,1.85661157,1.60079700
2024-07-29 20:25:00,ENAUSDT,118615473.0000000000000000,52692772.1955697800000000,1.47725393,1.00535100,1.85075242,0.96652400
2024-07-29 20:30:00,ENAUSDT,118598148.0000000000000000,52715587.6241312400000000,1.47710976,1.00528900,1.84427073,0.74444700
2024-07-29 20:35:00,ENAUSDT,118657322.0000000000000000,52760131.0140209200000000,1.47123589,1.00558700,1.83939207,1.02073300
2024-07-29 20:40:00,ENAUSDT,118679713.0000000000000000,52810391.8296311100000000,1.47068538,1.00568400,1.83723317,1.87438000
2024-07-29 20:45:00,ENAUSDT,118710481.0000000000000000,52736033.1123007500000000,1.46960110,1.00588100,1.84175915,1.22668800
2024-07-29 20:50:00,ENAUSDT,118813951.0000000000000000,52696112.8500833900000000,1.47096064,1.00564500,1.83784893,1.07385700
2024-07-29 20:55:01,ENAUSDT,118817036.0000000000000000,52678179.2752758400000000,1.47287249,1.00555500,1.84213772,1.22289200
2024-07-29 21:00:00,ENAUSDT,118858938.0000000000000000,52797140.2596000000000000,1.47256686,1.00561400,1.83483792,1.75035200
2024-07-29 21:05:00,ENAUSDT,118901842.0000000000000000,52645499.1649695400000000,1.47924737,1.00596800,1.83908755,0.58142400
2024-07-29 21:10:00,ENAUSDT,118832996.0000000000000000,52588999.3130082800000000,1.47950139,1.00517100,1.84153118,0.59264800
2024-07-29 21:15:00,ENAUSDT,118577589.0000000000000000,52328290.0257000000000000,1.48141986,1.00420100,1.84019769,0.41672500
2024-07-29 21:20:00,ENAUSDT,118571902.0000000000000000,52365805.4838391200000000,1.50653322,1.00420700,1.88147842,1.06370300
2024-07-29 21:25:00,ENAUSDT,119179530.0000000000000000,52629680.4480000000000000,1.47976879,1.00777300,1.83377309,2.92281300
2024-07-29 21:30:00,ENAUSDT,119034575.0000000000000000,52508229.3761795000000000,1.48222651,1.00536000,1.84306941,0.77630400
2024-07-29 21:35:00,ENAUSDT,119174735.0000000000000000,52603728.0290000000000000,1.48539140,1.00327300,1.85073409,3.13752600
2024-07-29 21:40:00,ENAUSDT,119130766.0000000000000000,52764875.8926572600000000,1.48757592,1.00376200,1.85682144,1.11340900
2024-07-29 21:45:00,ENAUSDT,119070391.0000000000000000,52783904.3303000000000000,1.48936170,1.00452400,1.85661690,1.06063400
2024-07-29 21:50:00,ENAUSDT,119068873.0000000000000000,52592721.2041000000000000,1.50208275,1.00443200,1.87682801,0.87233100
2024-07-29 21:55:00,ENAUSDT,119085222.0000000000000000,52635668.1240000000000000,1.49736477,1.00350600,1.87265995,1.24378400
2024-07-29 22:00:01,ENAUSDT,119072190.0000000000000000,52927144.3157313000000000,1.47975764,1.00512600,1.85130719,0.85948900
2024-07-29 22:05:00,ENAUSDT,118954540.0000000000000000,52640648.0625776000000000,1.49529347,1.00461300,1.86387864,0.49791300
2024-07-29 22:10:00,ENAUSDT,118915294.0000000000000000,52583616.4343536600000000,1.50598719,1.00361300,1.87930679,0.88602800
2024-07-29 22:15:00,ENAUSDT,118846522.0000000000000000,52720317.1592000000000000,1.50683022,1.00296700,1.88026424,1.01566500
2024-07-29 22:20:00,ENAUSDT,118818118.0000000000000000,52972244.2972657600000000,1.50138966,1.00197200,1.87379041,1.40538300
2024-07-29 22:25:00,ENAUSDT,118684281.0000000000000000,52727619.8434083300000000,1.50333890,1.00083000,1.88548987,0.58013000
2024-07-29 22:30:00,ENAUSDT,118759882.0000000000000000,52694216.8689457000000000,1.50194661,1.00270000,1.87068257,1.15094500
2024-07-29 22:35:00,ENAUSDT,118785546.0000000000000000,52515089.8866000000000000,1.50501114,1.00301400,1.87579815,0.93472800
2024-07-29 22:40:00,ENAUSDT,118701557.0000000000000000,52490736.5723110500000000,1.50319889,1.00378000,1.87481985,1.31882800
2024-07-29 22:45:00,ENAUSDT,118702012.0000000000000000,52364313.5925109200000000,1.50528953,1.00324900,1.87760148,1.24639800
2024-07-29 22:50:00,ENAUSDT,118751969.0000000000000000,52398035.6751817000000000,1.50152905,1.00278200,1.87723996,0.83182700
2024-07-29 22:55:00,ENAUSDT,118827678.0000000000000000,52343177.4504037800000000,1.50264403,1.00275500,1.87291795,0.79780200
2024-07-29 23:00:00,ENAUSDT,118835339.0000000000000000,52344970.3958048000000000,1.50613155,1.00275900,1.87389426,1.35270500
2024-07-29 23:05:00,ENAUSDT,118855934.0000000000000000,52369140.4166048200000000,1.51216103,1.00272700,1.88235294,1.21840800
2024-07-29 23:10:00,ENAUSDT,118909318.0000000000000000,52403336.4426000000000000,1.51062046,1.00165600,1.88196451,1.44547300
2024-07-29 23:15:00,ENAUSDT,118864145.0000000000000000,52213045.2701326500000000,1.52880022,1.00317800,1.91590150,0.35768700
2024-07-29 23:20:00,ENAUSDT,118669088.0000000000000000,52060128.9056000000000000,1.53160271,1.00267000,1.90819535,0.79988400
2024-07-29 23:25:00,ENAUSDT,118748556.0000000000000000,52289589.5258594400000000,1.52745705,1.00321600,1.88747920,1.74427800
2024-07-29 23:30:00,ENAUSDT,118754222.0000000000000000,52394648.9440750200000000,1.51289961,1.00176500,1.87883817,2.18035200
2024-07-29 23:35:00,ENAUSDT,118752513.0000000000000000,52392404.5851181800000000,1.51246848,1.00255100,1.87430110,1.36208800
2024-07-29 23:40:00,ENAUSDT,118711812.0000000000000000,52474991.8729178400000000,1.50572466,1.00344900,1.86397362,1.27476200
2024-07-29 23:45:00,ENAUSDT,118664289.0000000000000000,52286802.4002775500000000,1.49888641,1.00282300,1.87277617,0.89928700
2024-07-29 23:50:00,ENAUSDT,118707788.0000000000000000,52170130.7665883200000000,1.50083472,1.00407600,1.87862469,0.85548600
2024-07-29 23:55:00,ENAUSDT,118653515.0000000000000000,52146442.4128453000000000,1.50837989,1.00324400,1.88330565,1.35570700
2024-07-30 00:00:01,ENAUSDT,118610180.0000000000000000,52108501.5417278000000000,1.53522727,1.00291800,1.89976934,1.25353100
