create_time,symbol,sum_open_interest,sum_open_interest_value,count_toptrader_long_short_ratio,sum_toptrader_long_short_ratio,count_long_short_ratio,sum_taker_long_short_vol_ratio
2024-03-26 00:05:00,BNBUSDT,412346.7000000000000000,241931616.4397269000000000,1.96421282,1.75251800,1.80595041,0.78241400
2024-03-26 00:10:00,BNBUSDT,412878.7700000000000000,243218706.0085283500000000,1.96501974,1.74981200,1.81107945,1.56082000
2024-03-26 00:15:00,BNBUSDT,413197.2100000000000000,242897979.8985000000000000,1.97490453,1.75197000,1.81847134,0.62985800
2024-03-26 00:20:00,BNBUSDT,412975.2800000000000000,242807971.7958252000000000,1.96879684,1.74947900,1.81501856,0.43977900
2024-03-26 00:25:00,BNBUSDT,413175.6600000000000000,243506490.1369159200000000,1.96194618,1.75067900,1.81127581,1.48534800
2024-03-26 00:30:00,BNBUSDT,413375.3300000000000000,243952418.2308430400000000,1.96652606,1.75137800,1.81659041,1.37230900
2024-03-26 00:35:00,BNBUSDT,413430.9600000000000000,244422560.1667809800000000,1.96826910,1.74787800,1.81756085,1.91357200
2024-03-26 00:40:00,BNBUSDT,413503.2200000000000000,244283238.4840829000000000,1.97396401,1.75021800,1.82391607,1.67919500
2024-03-26 00:45:00,BNBUSDT,413965.5500000000000000,244775091.5398695200000000,1.96183621,1.75249800,1.81933859,1.85305300
2024-03-26 00:50:00,BNBUSDT,413996.4600000000000000,244883046.0546000000000000,1.97374507,1.75025100,1.83643714,0.65973500
2024-03-26 00:55:00,BNBUSDT,414071.2900000000000000,244849948.3180970000000000,1.98077448,1.74808800,1.84016448,0.88589500
2024-03-26 01:00:00,BNBUSDT,414202.6800000000000000,244604866.1743388800000000,1.97305022,1.74643000,1.83759608,0.92616700
2024-03-26 01:05:00,BNBUSDT,414672.6400000000000000,244881883.8755560200000000,1.97506812,1.74779700,1.83396176,1.02166400
2024-03-26 01:10:00,BNBUSDT,414643.4500000000000000,245153630.0665308000000000,1.97900191,1.74732600,1.83916269,1.08915600
2024-03-26 01:15:00,BNBUSDT,414680.6500000000000000,245366540.6050000000000000,1.97438343,1.74665500,1.84059124,1.11255700
2024-03-26 01:20:00,BNBUSDT,414899.1600000000000000,245579869.3488599400000000,1.96068863,1.74621600,1.83702772,2.02653600
2024-03-26 01:25:00,BNBUSDT,415424.4500000000000000,246188837.5590000000000000,1.95549844,1.74786000,1.83125454,1.81809800
2024-03-26 01:30:00,BNBUSDT,415673.4800000000000000,246188198.6929081700000000,1.96124136,1.74729200,1.83615222,1.13095900
2024-03-26 01:35:00,BNBUSDT,415749.3900000000000000,246099792.6466154200000000,1.96393220,1.74746200,1.83666997,0.76400900
2024-03-26 01:40:00,BNBUSDT,415825.1400000000000000,246280558.9617175200000000,1.96649030,1.74604800,1.84003439,1.39666500
2024-03-26 01:45:00,BNBUSDT,415914.0900000000000000,246208487.5721129500000000,1.97644656,1.74440400,1.84667904,0.99495800
2024-03-26 01:50:00,BNBUSDT,416016.9600000000000000,246370573.7545728700000000,1.97281131,1.74384300,1.84353066,0.98270800
2024-03-26 01:55:00,BNBUSDT,415906.5000000000000000,246433289.9402143000000000,1.97522461,1.74183600,1.84684207,0.65027100
2024-03-26 02:00:00,BNBUSDT,416064.1300000000000000,246476500.1492035000000000,1.97090415,1.74164200,1.84633726,1.11025400
2024-03-26 02:05:00,BNBUSDT,416200.4800000000000000,246043608.3741788600000000,1.97172376,1.74175300,1.84504898,0.59591400
2024-03-26 02:10:00,BNBUSDT,416419.7400000000000000,246399724.3554000000000000,1.98962599,1.74007000,1.86292835,1.17099400
2024-03-26 02:15:01,BNBUSDT,416483.9900000000000000,246491150.1554242700000000,1.99084949,1.73843600,1.86371470,0.55047500
2024-03-26 02:20:00,BNBUSDT,416621.4200000000000000,246777365.7086000000000000,2.03264256,1.74209700,1.85471723,1.67883900
2024-03-26 02:25:01,BNBUSDT,417094.1600000000000000,247204069.9278443500000000,2.03925564,1.74363500,1.86066225,1.18189700
2024-03-26 02:30:01,BNBUSDT,417370.2900000000000000,247348501.3141278000000000,2.03952730,1.74561300,1.86511720,0.95071600
2024-03-26 02:35:00,BNBUSDT,417528.7400000000000000,247214315.2166459600000000,2.04864423,1.74327400,1.87021686,1.22546000
2024-03-26 02:40:00,BNBUSDT,417551.0500000000000000,247241830.3669636200000000,2.05181347,1.74252800,1.87290104,0.85329500
2024-03-26 02:45:00,BNBUSDT,417508.9700000000000000,246921718.8357688200000000,2.05944247,1.74171400,1.87619554,0.58164800
2024-03-26 02:50:00,BNBUSDT,417536.1000000000000000,247356736.3620000000000000,2.05220117,1.74081400,1.87406277,0.87677300
2024-03-26 02:55:00,BNBUSDT,417605.3200000000000000,247781940.5688000000000000,2.04812543,1.73976900,1.86310473,1.99783200
2024-03-26 03:00:00,BNBUSDT,417551.4800000000000000,247618032.8791228000000000,2.06382979,1.73724700,1.89078406,1.04189100
2024-03-26 03:05:00,BNBUSDT,417390.2000000000000000,246836216.4760000000000000,2.07455899,1.73965900,1.89557582,0.63283400
2024-03-26 03:10:00,BNBUSDT,417007.7100000000000000,246476408.4054915300000000,2.06780360,1.73937800,1.89397314,0.91211800
2024-03-26 03:15:00,BNBUSDT,417091.2200000000000000,246522320.4416209000000000,2.07061253,1.73924300,1.89444557,0.91999800
2024-03-26 03:20:00,BNBUSDT,417328.2800000000000000,246945663.1244000000000000,2.05702536,1.73845800,1.88705012,2.18987300
2024-03-26 03:25:00,BNBUSDT,417450.7500000000000000,247253127.4683173300000000,2.04422604,1.73912800,1.88374437,1.43612000
2024-03-26 03:30:00,BNBUSDT,417469.0900000000000000,247262767.3161000000000000,2.04879716,1.73763100,1.89059243,1.12163100
2024-03-26 03:35:00,BNBUSDT,417753.8300000000000000,246977526.0500714800000000,2.06962983,1.73903700,1.90173449,0.66442300
2024-03-26 03:40:00,BNBUSDT,417762.1800000000000000,247453072.0794000000000000,2.05531216,1.73775400,1.89437567,1.59983700
2024-03-26 03:45:00,BNBUSDT,417652.9200000000000000,247647298.9140000000000000,2.06073485,1.73686700,1.89732714,1.22974300
2024-03-26 03:50:00,BNBUSDT,417577.8800000000000000,247631062.7231037000000000,2.05992869,1.73695800,1.89458459,1.04359600
2024-03-26 03:55:00,BNBUSDT,417818.4600000000000000,247998932.7292257000000000,2.04851715,1.73673000,1.89090421,2.19398000
2024-03-26 04:00:00,BNBUSDT,417857.1900000000000000,247881242.2518000000000000,2.04019621,1.73665800,1.88640783,1.65132600
2024-03-26 04:05:00,BNBUSDT,418174.8700000000000000,248249021.0898314700000000,2.04057734,1.73525900,1.88453815,1.41817800
2024-03-26 04:10:00,BNBUSDT,417893.2200000000000000,248069773.2564000000000000,2.04416576,1.73367200,1.88550385,1.07882700
2024-03-26 04:15:00,BNBUSDT,417358.2000000000000000,247647835.1340000000000000,2.04609929,1.73177800,1.88664971,0.65263600
2024-03-26 04:20:00,BNBUSDT,417042.6200000000000000,247047211.1216992400000000,2.05025949,1.73129000,1.89040086,0.72804300
2024-03-26 04:25:00,BNBUSDT,416907.6900000000000000,246775999.8648000000000000,2.04348419,1.73074900,1.88629367,1.57090600
2024-03-26 04:30:00,BNBUSDT,416824.2200000000000000,247049373.1420726800000000,2.03740988,1.72911000,1.88558812,2.15964500
2024-03-26 04:35:00,BNBUSDT,416839.1700000000000000,246690923.5290619000000000,2.05430917,1.73055500,1.89422819,0.60537900
2024-03-26 04:40:00,BNBUSDT,416838.4600000000000000,246805883.7814000000000000,2.05557837,1.73065400,1.89665592,1.23458200
2024-03-26 04:45:00,BNBUSDT,416844.5800000000000000,246949253.5630709200000000,2.00082158,1.73208200,1.86324844,0.97113500
2024-03-26 04:50:00,BNBUSDT,417071.4500000000000000,246486521.0821881300000000,2.00397751,1.73339400,1.85433309,0.74720200
2024-03-26 04:55:00,BNBUSDT,417393.2400000000000000,247001303.5738419300000000,2.00260381,1.73331700,1.85263158,1.78178200
2024-03-26 05:00:00,BNBUSDT,417491.7700000000000000,247276559.6882684200000000,2.00260452,1.73304400,1.85439302,0.75263800
2024-03-26 05:05:00,BNBUSDT,417378.6000000000000000,246813389.0068939600000000,1.99384910,1.73338000,1.85064631,0.86743800
2024-03-26 05:10:00,BNBUSDT,417554.8700000000000000,247031966.0457021600000000,2.00287750,1.73420300,1.85528433,0.81718300
2024-03-26 05:15:00,BNBUSDT,417371.5700000000000000,247655768.4909000000000000,1.98473491,1.73671600,1.84126454,2.14997700
2024-03-26 05:20:00,BNBUSDT,417909.7000000000000000,248267615.4790000000000000,1.98040016,1.73938300,1.83982366,0.90768900
2024-03-26 05:25:00,BNBUSDT,418033.9500000000000000,248508642.2565000000000000,1.98011983,1.73738700,1.84267559,1.17333000
2024-03-26 05:30:00,BNBUSDT,418242.7900000000000000,248578419.8086000000000000,1.97390241,1.73515200,1.83683684,0.77083900
2024-03-26 05:35:00,BNBUSDT,418399.2700000000000000,248809282.7247884300000000,1.99125802,1.73488300,1.84388581,1.33132700
2024-03-26 05:40:00,BNBUSDT,418414.5300000000000000,248926127.2736913000000000,1.99478809,1.73199500,1.83439490,1.95193500
2024-03-26 05:45:00,BNBUSDT,419298.8400000000000000,249382108.6215471600000000,1.98604651,1.73374400,1.82926340,1.80268400
2024-03-26 05:50:00,BNBUSDT,419561.8700000000000000,249364500.2167322300000000,1.98659921,1.73072100,1.82958801,0.72958300
2024-03-26 05:55:00,BNBUSDT,419782.6900000000000000,249283752.6296000000000000,1.99260274,1.72927200,1.83545491,1.23517100
2024-03-26 06:00:00,BNBUSDT,421266.0200000000000000,249987681.5884000000000000,1.99069131,1.73669600,1.83250803,0.19537600
2024-03-26 06:05:00,BNBUSDT,421443.8900000000000000,249713933.7028000000000000,2.00150912,1.73923600,1.85461136,0.59706900
2024-03-26 06:10:00,BNBUSDT,421320.7100000000000000,249842843.3877962200000000,2.00301866,1.73779800,1.85441127,1.08914000
2024-03-26 06:15:00,BNBUSDT,421146.8900000000000000,249335804.7556000000000000,2.00398188,1.73787500,1.85583831,0.88679300
2024-03-26 06:20:00,BNBUSDT,421245.1800000000000000,249792256.6620117000000000,1.99849232,1.73762800,1.85304371,2.50933500
2024-03-26 06:25:00,BNBUSDT,421865.8100000000000000,249823133.9761325400000000,1.99438894,1.73898200,1.85179229,0.85588900
2024-03-26 06:30:00,BNBUSDT,422703.2200000000000000,250367517.1508786400000000,1.99575575,1.74230900,1.85142015,0.65289100
2024-03-26 06:35:00,BNBUSDT,422751.5300000000000000,250805800.2031000000000000,1.99685190,1.74039100,1.85368795,2.73917200
2024-03-26 06:40:00,BNBUSDT,422514.0900000000000000,250848421.2230011500000000,2.00493963,1.73747400,1.85768895,1.02193800
2024-03-26 06:45:00,BNBUSDT,422643.1600000000000000,250736788.8068472400000000,2.00713991,1.73715200,1.85812940,0.84924000
2024-03-26 06:50:00,BNBUSDT,422740.1900000000000000,250651113.4548000000000000,2.02207201,1.73416200,1.86631268,0.58194400
2024-03-26 06:55:00,BNBUSDT,422629.2400000000000000,251071352.6068000000000000,2.01708224,1.73163600,1.86483945,1.51028100
2024-03-26 07:00:00,BNBUSDT,422636.9900000000000000,251342217.9530000000000000,2.01266694,1.73002300,1.86538462,1.14689100
2024-03-26 07:05:00,BNBUSDT,422653.1400000000000000,251343369.2952000000000000,2.01683455,1.73149900,1.86452307,1.07785000
2024-03-26 07:10:00,BNBUSDT,423140.7300000000000000,251409810.1680612300000000,2.01434681,1.73013600,1.86404305,0.50151600
2024-03-26 07:15:00,BNBUSDT,423425.5200000000000000,251605525.1662729000000000,2.00963922,1.72959300,1.86441590,1.74550300
2024-03-26 07:20:00,BNBUSDT,423971.3300000000000000,252050977.4983249300000000,2.01277648,1.72802400,1.87422777,1.57345700
2024-03-26 07:25:00,BNBUSDT,424425.2000000000000000,253107453.1092403200000000,1.99616228,1.72306800,1.85107668,1.54810800
2024-03-26 07:30:00,BNBUSDT,424695.2100000000000000,253674014.1898306300000000,1.98629386,1.72508100,1.84452511,0.88287000
2024-03-26 07:35:00,BNBUSDT,425314.8300000000000000,253972304.4677482800000000,1.98078507,1.72157700,1.81974162,0.89622800
2024-03-26 07:40:00,BNBUSDT,425204.2500000000000000,253693863.7200000000000000,1.96871140,1.72146000,1.80100671,0.72999200
2024-03-26 07:45:00,BNBUSDT,425133.2100000000000000,253825783.0305000000000000,1.95613556,1.72056800,1.79371237,0.90871600
2024-03-26 07:50:00,BNBUSDT,424682.3400000000000000,252983269.9380000000000000,1.95581617,1.71697400,1.78156313,0.63999000
2024-03-26 07:55:00,BNBUSDT,424551.2900000000000000,251601367.6713861800000000,1.95672946,1.71955300,1.80110163,0.53373900
2024-03-26 08:00:00,BNBUSDT,424145.3500000000000000,251026183.9440000000000000,1.96079235,1.71436200,1.81260533,1.47702100
2024-03-26 08:05:00,BNBUSDT,423584.8700000000000000,251598139.0009113800000000,1.97119061,1.71468500,1.83752105,1.29474600
2024-03-26 08:10:00,BNBUSDT,423660.1700000000000000,251721926.6072000000000000,1.97512302,1.71590000,1.84057678,0.77643400
2024-03-26 08:15:00,BNBUSDT,423584.5200000000000000,251055316.1589869300000000,1.98071135,1.71571000,1.84072404,0.81938400
2024-03-26 08:20:00,BNBUSDT,423809.2000000000000000,251628236.3160000000000000,1.97651236,1.71276300,1.83956177,1.26489600
2024-03-26 08:25:00,BNBUSDT,423874.3800000000000000,251872161.7006388600000000,1.96746529,1.71303600,1.83166990,1.46346600
2024-03-26 08:30:00,BNBUSDT,423807.9500000000000000,251877540.8440000000000000,1.97557648,1.71334700,1.83325518,0.68640100
2024-03-26 08:35:00,BNBUSDT,423636.6100000000000000,251851657.9151488800000000,1.98521561,1.71203100,1.83592493,0.67690600
2024-03-26 08:40:00,BNBUSDT,423788.1600000000000000,251636933.6448000000000000,1.99081437,1.71375100,1.83843058,0.77614400
2024-03-26 08:45:00,BNBUSDT,423775.0600000000000000,252301263.5246281600000000,1.98480701,1.71050400,1.83247474,1.68738600
2024-03-26 08:50:00,BNBUSDT,423808.9900000000000000,252098552.9954879000000000,1.98615110,1.71018100,1.82796202,0.87583500
2024-03-26 08:55:00,BNBUSDT,423950.2500000000000000,252396903.4498676400000000,1.98684211,1.71127800,1.82723143,0.63463000
2024-03-26 09:00:00,BNBUSDT,424102.8000000000000000,252807679.0800000000000000,1.97908407,1.71284100,1.82077420,1.14792900
2024-03-26 09:05:00,BNBUSDT,424338.0400000000000000,252761122.9103326000000000,1.97436597,1.71303400,1.81726293,0.94339400
2024-03-26 09:10:00,BNBUSDT,424213.1400000000000000,252691041.1038000000000000,1.97207465,1.71227300,1.81137208,0.78906900
2024-03-26 09:15:00,BNBUSDT,424272.0700000000000000,252495183.0222803700000000,1.97693148,1.71041300,1.81217634,0.58007300
2024-03-26 09:20:00,BNBUSDT,423749.8500000000000000,252565922.0449521500000000,1.97705545,1.70807500,1.81111037,1.22771400
2024-03-26 09:25:00,BNBUSDT,423816.6800000000000000,252808764.5160912000000000,1.98794025,1.70769000,1.81522822,1.10534400
2024-03-26 09:30:00,BNBUSDT,424709.6800000000000000,253524715.9983981000000000,1.99477950,1.69775700,1.82028754,1.89339800
2024-03-26 09:35:00,BNBUSDT,424913.5900000000000000,253575683.1043000000000000,1.99093780,1.69894400,1.81600797,0.79182700
2024-03-26 09:40:00,BNBUSDT,425131.8300000000000000,253642499.7175459000000000,1.98070872,1.69910900,1.80997814,0.94585800
2024-03-26 09:45:00,BNBUSDT,426482.0300000000000000,254528113.9927907300000000,1.96555480,1.70237000,1.79758687,2.37675500
2024-03-26 09:50:00,BNBUSDT,426802.3300000000000000,254802382.2191428800000000,1.97269997,1.70364100,1.80289415,1.16181800
2024-03-26 09:55:00,BNBUSDT,427069.1500000000000000,254954803.3510314000000000,1.98124572,1.70434600,1.80713246,0.66926400
2024-03-26 10:00:01,BNBUSDT,427167.9300000000000000,254813248.7166797200000000,1.98260512,1.70182500,1.80718587,0.49006800
2024-03-26 10:05:00,BNBUSDT,426878.3200000000000000,254410941.1536000000000000,1.97906690,1.70067400,1.80250991,0.76608100
2024-03-26 10:10:00,BNBUSDT,426974.3000000000000000,254828494.2435857000000000,1.97229425,1.70070400,1.79565361,1.35259600
2024-03-26 10:15:00,BNBUSDT,426806.7600000000000000,254854852.5312000000000000,1.97324597,1.69901700,1.79664253,0.79680100
2024-03-26 10:20:00,BNBUSDT,426771.2400000000000000,254590383.2220000000000000,1.98070608,1.69723600,1.79889372,0.99065300
2024-03-26 10:25:00,BNBUSDT,426662.4800000000000000,253992174.3440000000000000,1.98519534,1.70044700,1.80023734,0.47973400
2024-03-26 10:30:00,BNBUSDT,426142.8700000000000000,253702229.7543261000000000,1.98984075,1.70246500,1.80298232,0.42331800
2024-03-26 10:35:00,BNBUSDT,425895.2900000000000000,253709515.3000845000000000,1.99244194,1.70501100,1.80475561,1.24889800
2024-03-26 10:40:00,BNBUSDT,425663.0900000000000000,253469600.2023000000000000,1.98929160,1.70660000,1.80211221,1.44952700
2024-03-26 10:45:00,BNBUSDT,426204.6100000000000000,253606597.3314109400000000,1.99601046,1.70837200,1.80257341,1.43268300
2024-03-26 10:50:00,BNBUSDT,424874.2200000000000000,252600470.0166000000000000,2.02820228,1.69910000,1.82213071,0.28788000
2024-03-26 10:55:00,BNBUSDT,424787.7600000000000000,252383227.9039989700000000,1.95975576,1.69988700,1.80200451,0.94506000
2024-03-26 11:00:00,BNBUSDT,424538.3900000000000000,252536661.2915000000000000,1.94327122,1.69861900,1.79546960,1.64949000
2024-03-26 11:05:00,BNBUSDT,424514.2300000000000000,252479838.2925000000000000,2.00619920,1.69907700,1.82800397,1.20315900
2024-03-26 11:10:00,BNBUSDT,424299.7700000000000000,251857115.2071932300000000,2.01381215,1.69941100,1.83210662,0.46622100
2024-03-26 11:15:00,BNBUSDT,425445.6200000000000000,252532882.7754115800000000,1.99190783,1.70507500,1.81937104,1.03350100
2024-03-26 11:20:00,BNBUSDT,425746.2400000000000000,252705938.2144000000000000,1.98849000,1.70522600,1.81648954,1.70872000
2024-03-26 11:25:00,BNBUSDT,425791.0000000000000000,252857562.9099129000000000,1.98685112,1.70338600,1.81825989,1.79613600
2024-03-26 11:30:00,BNBUSDT,425773.3200000000000000,252679999.0455913800000000,1.99054017,1.70337600,1.82291046,0.86463600
2024-03-26 11:35:00,BNBUSDT,424881.9700000000000000,251674313.0041673200000000,2.01201657,1.71149100,1.83494048,0.26243100
2024-03-26 11:40:00,BNBUSDT,424875.3800000000000000,251822063.3842694500000000,2.00440771,1.71714300,1.83200425,0.55554000
2024-03-26 11:45:00,BNBUSDT,424594.3700000000000000,251593393.9435000000000000,2.00371952,1.71812100,1.83115157,0.73917600
2024-03-26 11:50:00,BNBUSDT,424727.4000000000000000,251629199.3821992000000000,2.00938708,1.71338300,1.83891813,0.95565400
2024-03-26 11:55:00,BNBUSDT,424716.6700000000000000,251808861.9892383200000000,2.00289177,1.71816700,1.83669261,3.34159800
2024-03-26 12:00:00,BNBUSDT,424722.8500000000000000,251409555.5678787500000000,2.01160862,1.72129500,1.84348116,0.52352200
2024-03-26 12:05:00,BNBUSDT,424311.2900000000000000,251081962.7446000000000000,2.00510909,1.72044100,1.84296197,0.82239600
2024-03-26 12:10:00,BNBUSDT,423360.6400000000000000,250364328.6577465800000000,2.00525297,1.71893400,1.84323675,0.73497500
2024-03-26 12:15:00,BNBUSDT,423176.7900000000000000,250677235.0923000000000000,2.00303616,1.71864200,1.84623606,1.71035200
2024-03-26 12:20:00,BNBUSDT,423316.6500000000000000,251259597.6075000000000000,2.01245330,1.71485900,1.85479012,1.08664400
2024-03-26 12:25:00,BNBUSDT,423615.3900000000000000,251650972.5304224500000000,2.00651150,1.71305600,1.83456277,0.87263300
2024-03-26 12:30:00,BNBUSDT,423889.8700000000000000,251551030.9914027800000000,2.01249826,1.71244000,1.83844759,0.62804400
2024-03-26 12:35:00,BNBUSDT,424096.6400000000000000,252044874.1184000000000000,2.02734972,1.70861400,1.85285225,2.23341000
2024-03-26 12:40:00,BNBUSDT,424192.3600000000000000,252033890.6940000000000000,2.03071577,1.70766000,1.85601883,1.24629600
2024-03-26 12:45:00,BNBUSDT,424229.8800000000000000,252090121.5924000000000000,2.03044627,1.70700700,1.85584616,0.69979900
2024-03-26 12:50:00,BNBUSDT,424301.0500000000000000,251797215.1120000000000000,2.03763066,1.70610500,1.85903647,1.09063200
2024-03-26 12:55:00,BNBUSDT,424480.4000000000000000,251392203.6412140400000000,2.03807671,1.70477600,1.88153825,0.60475300
2024-03-26 13:00:01,BNBUSDT,424248.8100000000000000,251847990.2675954700000000,2.04507396,1.70074800,1.87712321,0.96514600
2024-03-26 13:05:00,BNBUSDT,424826.6800000000000000,251833429.0780113600000000,2.04589204,1.70286100,1.88906103,0.97964900
2024-03-26 13:10:00,BNBUSDT,425253.7400000000000000,251758175.7187931200000000,2.03797997,1.70616200,1.88660210,0.91967200
2024-03-26 13:15:00,BNBUSDT,425557.7900000000000000,251751477.4082000000000000,2.04349038,1.70570400,1.89182271,1.15050400
2024-03-26 13:20:00,BNBUSDT,425648.1200000000000000,251626142.6192000000000000,2.04362977,1.70433500,1.89283309,1.06894800
2024-03-26 13:25:00,BNBUSDT,425781.5700000000000000,251568782.8188000000000000,2.05245489,1.70804200,1.90122956,0.59863500
2024-03-26 13:30:00,BNBUSDT,425710.0700000000000000,251117856.0916000000000000,2.06341190,1.69784100,1.90827801,0.54613000
2024-03-26 13:35:00,BNBUSDT,425703.3100000000000000,251264459.6098353300000000,2.04278746,1.70040000,1.88469333,0.98717000
2024-03-26 13:40:00,BNBUSDT,423867.9900000000000000,248370822.6024574000000000,2.05531438,1.70994200,1.89675838,0.79738500
2024-03-26 13:45:00,BNBUSDT,423293.0700000000000000,248790501.8925000000000000,2.05230683,1.72058000,1.90523144,0.83099500
2024-03-26 13:50:00,BNBUSDT,422437.4500000000000000,248715825.6505843700000000,2.07366040,1.71189700,1.92098374,1.39744800
2024-03-26 13:55:00,BNBUSDT,422602.1900000000000000,248262106.0009860400000000,2.07191297,1.71389400,1.91731959,0.83361400
2024-03-26 14:00:00,BNBUSDT,422561.3100000000000000,247895592.5115000000000000,2.06432501,1.71320700,1.91384637,0.80737800
2024-03-26 14:05:00,BNBUSDT,421583.7000000000000000,245935613.4906476000000000,2.09383454,1.71067200,1.94170248,0.51324400
2024-03-26 14:10:00,BNBUSDT,421829.5600000000000000,246720837.6103211600000000,2.10455840,1.71674300,1.95644648,1.36043500
2024-03-26 14:15:00,BNBUSDT,421702.7000000000000000,246361323.0578514000000000,2.10663440,1.71852400,1.95541577,0.88096000
2024-03-26 14:20:00,BNBUSDT,423149.6200000000000000,246120744.9768000000000000,2.11853756,1.71745700,1.96347380,0.75178100
2024-03-26 14:25:00,BNBUSDT,424458.5400000000000000,245655380.0250000000000000,2.13375613,1.71136200,1.96652427,0.58163100
2024-03-26 14:30:00,BNBUSDT,427592.1300000000000000,246203272.5327000000000000,2.21500073,1.72973600,2.04049668,0.86326400
2024-03-26 14:35:00,BNBUSDT,429700.5900000000000000,246854394.9432000000000000,2.24434987,1.71531000,2.11940845,1.03975000
2024-03-26 14:40:00,BNBUSDT,430085.7300000000000000,248214554.5793942200000000,2.34107358,1.70941400,2.18421248,1.17546300
2024-03-26 14:45:00,BNBUSDT,430623.8600000000000000,249210628.6495807500000000,2.32862933,1.70914200,2.18965389,1.39748000
2024-03-26 14:50:00,BNBUSDT,429143.8000000000000000,248384125.7286772000000000,2.30318665,1.70478500,2.18222960,1.26771200
2024-03-26 14:55:00,BNBUSDT,429134.9200000000000000,249381272.6702844800000000,2.26778745,1.70301700,2.13791827,1.60246600
2024-03-26 15:00:00,BNBUSDT,428581.8600000000000000,248920530.0010915700000000,2.28845283,1.70247700,2.15942568,0.97511300
2024-03-26 15:05:00,BNBUSDT,427144.0700000000000000,246944958.3823892000000000,2.29996967,1.70300500,2.15655927,0.61714900
2024-03-26 15:10:00,BNBUSDT,427700.3700000000000000,246846533.2259158800000000,2.31843831,1.69036000,2.16720161,0.55824700
2024-03-26 15:15:00,BNBUSDT,428524.9300000000000000,247885268.0235418700000000,2.31420308,1.68870100,2.17079725,1.64840400
2024-03-26 15:20:00,BNBUSDT,428645.2700000000000000,246561045.7567000000000000,2.30941159,1.68789800,2.13415620,0.63532100
2024-03-26 15:25:00,BNBUSDT,429471.8500000000000000,246856124.6615000000000000,2.31679099,1.69246400,2.13813615,0.79361500
2024-03-26 15:30:00,BNBUSDT,429490.5700000000000000,247571249.2651000000000000,2.31688747,1.69522000,2.14521234,1.22759600
2024-03-26 15:35:00,BNBUSDT,429793.6600000000000000,247013721.5311110600000000,2.31015637,1.70133200,2.14336075,0.73407400
2024-03-26 15:40:00,BNBUSDT,430149.1200000000000000,248588003.4437769400000000,2.32373114,1.69900900,2.15993800,1.59890800
2024-03-26 15:45:00,BNBUSDT,430621.5300000000000000,248957838.8651757800000000,2.31968336,1.69550300,2.16273916,1.97372200
2024-03-26 15:50:00,BNBUSDT,430188.4900000000000000,248907060.3140000000000000,2.31554948,1.69255900,2.16624778,1.57249600
2024-03-26 15:55:00,BNBUSDT,429915.3400000000000000,248796308.5265834600000000,2.32399086,1.69004300,2.17272256,0.85711400
2024-03-26 16:00:00,BNBUSDT,429227.9400000000000000,249002060.0853229200000000,2.32080353,1.68608200,2.17433163,1.63384500
2024-03-26 16:05:00,BNBUSDT,427768.8800000000000000,248624059.9651524400000000,2.35048380,1.68168700,2.19543658,0.91653700
2024-03-26 16:10:00,BNBUSDT,427065.8900000000000000,247496766.2430377600000000,2.34597666,1.67833000,2.17696148,0.59114800
2024-03-26 16:15:00,BNBUSDT,426845.9100000000000000,246743490.9519006000000000,2.36831530,1.68270800,2.18961389,0.33509300
2024-03-26 16:20:00,BNBUSDT,427471.9800000000000000,246317904.3156000000000000,2.36012961,1.68328800,2.18160096,0.93124300
2024-03-26 16:25:00,BNBUSDT,428170.8100000000000000,246737761.3363323800000000,2.32508024,1.68240100,2.16063869,0.98895700
2024-03-26 16:30:00,BNBUSDT,428301.8500000000000000,246899314.7958498300000000,2.32751760,1.67933900,2.16636945,1.03068200
2024-03-26 16:35:00,BNBUSDT,427779.2800000000000000,246188924.2943986000000000,2.33220807,1.68276000,2.17341772,1.20354400
2024-03-26 16:40:00,BNBUSDT,427516.7000000000000000,245633995.1520000000000000,2.33717358,1.68666000,2.17683018,0.58931300
2024-03-26 16:45:00,BNBUSDT,428163.4400000000000000,245531584.1921098200000000,2.37285040,1.68964400,2.20945395,1.01738700
2024-03-26 16:50:00,BNBUSDT,427958.6300000000000000,246080491.8363000000000000,2.37351236,1.68866300,2.21204927,1.14874100
2024-03-26 16:55:00,BNBUSDT,427132.0400000000000000,245325930.1602805000000000,2.38359100,1.68965700,2.21854797,0.79094700
2024-03-26 17:00:00,BNBUSDT,427344.4200000000000000,245940987.1542000000000000,2.37624065,1.68671100,2.21330071,0.87676100
2024-03-26 17:05:00,BNBUSDT,427102.8000000000000000,246023598.2216953300000000,2.33849693,1.68498800,2.17958061,1.04130800
2024-03-26 17:10:00,BNBUSDT,426926.0200000000000000,245073681.2873984600000000,2.34440344,1.68704000,2.18375559,0.45746200
2024-03-26 17:15:00,BNBUSDT,426526.6200000000000000,244554928.9887345400000000,2.34456238,1.68791000,2.18499739,0.51255600
2024-03-26 17:20:00,BNBUSDT,426066.3500000000000000,245222487.7425000000000000,2.34857583,1.68734000,2.18859191,1.51874700
2024-03-26 17:25:00,BNBUSDT,426487.0300000000000000,246074486.5694000000000000,2.33711656,1.68832600,2.17809850,2.29844900
2024-03-26 17:30:00,BNBUSDT,423706.7000000000000000,244959320.2813834500000000,2.35353068,1.67383500,2.18908222,2.54769800
2024-03-26 17:35:00,BNBUSDT,423632.7000000000000000,245195789.6787988800000000,2.36473318,1.67555900,2.19782853,1.20041400
2024-03-26 17:40:00,BNBUSDT,423837.3600000000000000,245225975.4619037000000000,2.36324257,1.67720800,2.19952049,1.00039800
2024-03-26 17:45:00,BNBUSDT,423749.4600000000000000,245405787.6353646800000000,2.36381925,1.67682800,2.19664394,1.00400700
2024-03-26 17:50:00,BNBUSDT,423789.6100000000000000,245488607.3847000000000000,2.36308787,1.67713700,2.19821709,1.21050300
2024-03-26 17:55:00,BNBUSDT,423673.7400000000000000,245382596.8065595000000000,2.36845367,1.67780800,2.20214521,0.79362800
2024-03-26 18:00:00,BNBUSDT,422787.1400000000000000,244396334.1484000000000000,2.39141966,1.67405900,2.21502786,0.43022600
2024-03-26 18:05:00,BNBUSDT,422224.3000000000000000,244525887.0132826300000000,2.39634432,1.67679200,2.21430721,1.13929100
2024-03-26 18:10:00,BNBUSDT,421704.2100000000000000,244415543.0739000000000000,2.40683814,1.67746600,2.22001810,0.85964200
2024-03-26 18:15:00,BNBUSDT,421850.4800000000000000,244669059.8952000000000000,2.39596686,1.67695200,2.21385021,1.86329000
2024-03-26 18:20:00,BNBUSDT,421830.9000000000000000,244398371.4478541300000000,2.40768627,1.67707400,2.22248208,0.88418400
2024-03-26 18:25:00,BNBUSDT,421596.1800000000000000,244057812.6402000000000000,2.40790712,1.67962700,2.22046294,0.58704800
2024-03-26 18:30:00,BNBUSDT,421304.8100000000000000,243811212.8997814700000000,2.41272584,1.68180900,2.22416786,0.84127900
2024-03-26 18:35:00,BNBUSDT,420842.5400000000000000,243496962.3602904000000000,2.40982577,1.68290400,2.22625973,0.95818300
2024-03-26 18:40:00,BNBUSDT,420719.0000000000000000,243533193.1500000000000000,2.41364136,1.68224600,2.23221314,1.19909800
2024-03-26 18:45:00,BNBUSDT,420728.5900000000000000,243728072.1870000000000000,2.40294302,1.68343800,2.22713196,1.27471200
2024-03-26 18:50:00,BNBUSDT,420197.8200000000000000,243752553.4038000000000000,2.39148073,1.68907900,2.22098282,3.46483400
2024-03-26 18:55:00,BNBUSDT,420528.4300000000000000,243216440.4681990000000000,2.40790092,1.69195400,2.23100189,0.47563700
2024-03-26 19:00:00,BNBUSDT,420545.2300000000000000,242343394.2398000000000000,2.41872541,1.69431400,2.23283627,0.46617000
2024-03-26 19:05:00,BNBUSDT,420840.5100000000000000,242345216.0886000000000000,2.39743590,1.69407800,2.22176963,0.97446400
2024-03-26 19:10:00,BNBUSDT,421740.9600000000000000,242231137.7856000000000000,2.37232724,1.69212400,2.22216375,0.72513200
2024-03-26 19:15:00,BNBUSDT,421542.2100000000000000,242901052.2462000000000000,2.36408592,1.69018900,2.22493980,1.22136000
2024-03-26 19:20:00,BNBUSDT,421543.0600000000000000,242758217.3928000000000000,2.36948785,1.68847800,2.22842296,1.43731300
2024-03-26 19:25:00,BNBUSDT,421442.8100000000000000,242751058.5600000000000000,2.36418418,1.68811400,2.22230573,0.85970500
2024-03-26 19:30:00,BNBUSDT,421416.8900000000000000,242879410.3826000000000000,2.37168964,1.68668300,2.22928593,1.11604400
2024-03-26 19:35:00,BNBUSDT,421413.9000000000000000,243046844.2331197000000000,2.35744025,1.68556700,2.22281506,1.57121600
2024-03-26 19:40:00,BNBUSDT,421299.1400000000000000,243449934.7708355800000000,2.35429188,1.68448900,2.22195507,1.14435800
2024-03-26 19:45:00,BNBUSDT,421419.4400000000000000,243164264.0113752000000000,2.36060513,1.68323400,2.22586713,1.01610200
2024-03-26 19:50:00,BNBUSDT,421273.1700000000000000,243412107.5899230000000000,2.36861653,1.68202600,2.23075185,1.46199300
2024-03-26 19:55:00,BNBUSDT,421370.3800000000000000,243164469.2146645000000000,2.36591401,1.68348700,2.22874784,0.54511500
2024-03-26 20:00:00,BNBUSDT,421319.9100000000000000,242533496.1576242000000000,2.38563209,1.68766400,2.23752736,0.87986700
2024-03-26 20:05:00,BNBUSDT,421201.7800000000000000,243324056.2882000000000000,2.36842919,1.68601900,2.22803851,1.38183100
2024-03-26 20:10:00,BNBUSDT,421091.2900000000000000,243214118.1143980000000000,2.38371912,1.68728000,2.23629233,0.64724000
2024-03-26 20:15:00,BNBUSDT,420950.0800000000000000,243178651.7152000000000000,2.38603856,1.68815800,2.23585760,0.56874400
2024-03-26 20:20:00,BNBUSDT,421085.8700000000000000,243440162.5348519000000000,2.38251281,1.68906800,2.23473541,1.23974200
2024-03-26 20:25:00,BNBUSDT,420909.9100000000000000,243227000.5926000000000000,2.39115540,1.68875900,2.23996075,0.50506500
2024-03-26 20:30:00,BNBUSDT,420899.9600000000000000,243468865.1282941000000000,2.39815970,1.69078800,2.24289816,1.12677000
2024-03-26 20:35:00,BNBUSDT,420668.0700000000000000,243478472.2353000000000000,2.39553404,1.69028300,2.23132749,0.90039600
2024-03-26 20:40:00,BNBUSDT,420676.1300000000000000,243677850.1784101700000000,2.39313573,1.69083100,2.23195526,1.37444600
2024-03-26 20:45:00,BNBUSDT,420649.7800000000000000,243244047.7884420500000000,2.39366516,1.69102000,2.23132130,0.52865200
2024-03-26 20:50:00,BNBUSDT,420737.0900000000000000,242987332.0336557000000000,2.38390912,1.69240800,2.22384685,0.71536300
2024-03-26 20:55:00,BNBUSDT,420786.7400000000000000,242899317.5732147700000000,2.38229345,1.69182900,2.22685080,0.73063900
2024-03-26 21:00:00,BNBUSDT,420711.6400000000000000,243352233.9252000000000000,2.38824813,1.69073200,2.22827154,2.55230300
2024-03-26 21:05:00,BNBUSDT,420900.1700000000000000,243256416.9609874200000000,2.41025239,1.69433400,2.24120679,0.74227200
2024-03-26 21:10:00,BNBUSDT,420872.8900000000000000,243188043.8134459600000000,2.41361996,1.69380400,2.24455408,1.18810800
2024-03-26 21:15:00,BNBUSDT,420721.1900000000000000,243391415.6269000000000000,2.42095328,1.69426100,2.24846090,0.76169200
2024-03-26 21:20:00,BNBUSDT,420728.2800000000000000,243473172.3310026000000000,2.41788465,1.69525600,2.24834764,0.82466400
2024-03-26 21:25:00,BNBUSDT,420633.6400000000000000,243415926.2148767700000000,2.41788465,1.69377900,2.25015198,1.36437500
2024-03-26 21:30:00,BNBUSDT,420494.6200000000000000,243818291.5367369700000000,2.42101951,1.69196200,2.25796130,1.31856500
2024-03-26 21:35:00,BNBUSDT,420818.3400000000000000,244112510.8506000000000000,2.43017201,1.69233400,2.26141996,1.65323100
2024-03-26 21:40:00,BNBUSDT,420893.9400000000000000,244233480.5796049800000000,2.43082505,1.69232500,2.26154198,0.91717400
2024-03-26 21:45:00,BNBUSDT,420880.9000000000000000,243891862.8940293200000000,2.42843632,1.69173000,2.26420844,0.69049900
2024-03-26 21:50:00,BNBUSDT,420887.3900000000000000,243950540.1179000000000000,2.43175004,1.69125200,2.26579770,1.27564900
2024-03-26 21:55:00,BNBUSDT,421046.9600000000000000,244333550.8880000000000000,2.41589446,1.69116600,2.26101179,0.96370900
2024-03-26 22:00:00,BNBUSDT,421103.0100000000000000,244243956.8301000000000000,2.41009563,1.68950500,2.25854733,1.48253300
2024-03-26 22:05:00,BNBUSDT,421065.7000000000000000,243944413.2950000000000000,2.42598140,1.68866900,2.26723086,0.87400700
2024-03-26 22:10:00,BNBUSDT,420849.0300000000000000,243705256.2924000000000000,2.42485412,1.68805800,2.26560476,0.47759400
2024-03-26 22:15:00,BNBUSDT,420703.1700000000000000,243490029.9864101000000000,2.42609244,1.68747400,2.26405607,0.69708900
2024-03-26 22:20:00,BNBUSDT,420505.3500000000000000,242698867.8060000000000000,2.43743079,1.68774900,2.26989699,0.50291300
2024-03-26 22:25:00,BNBUSDT,420410.3400000000000000,242982000.6316287500000000,2.41780714,1.68699200,2.26758200,0.87512000
2024-03-26 22:30:00,BNBUSDT,420329.6500000000000000,243194328.8970000000000000,2.41944619,1.68605700,2.26719536,1.09889900
2024-03-26 22:35:00,BNBUSDT,420318.4100000000000000,243271889.3398000000000000,2.42422810,1.68793700,2.27162379,0.88898000
2024-03-26 22:40:00,BNBUSDT,420095.2500000000000000,242995695.4575000000000000,2.44238683,1.68895900,2.28034594,0.79715900
2024-03-26 22:45:00,BNBUSDT,420223.1200000000000000,243292377.5552000000000000,2.44089255,1.68900400,2.27835130,1.47664000
2024-03-26 22:50:00,BNBUSDT,419865.0400000000000000,243336982.5824000000000000,2.43704524,1.68773000,2.27689837,0.46162100
2024-03-26 22:55:00,BNBUSDT,419859.0800000000000000,243638830.4589104700000000,2.43505057,1.68804200,2.27649981,1.99230200
2024-03-26 23:00:00,BNBUSDT,419844.4700000000000000,243841469.7313000000000000,2.42652160,1.68882100,2.26883196,1.60037000
2024-03-26 23:05:00,BNBUSDT,420027.3400000000000000,243926677.4316000000000000,2.42288322,1.68799100,2.26895816,1.10505700
2024-03-26 23:10:00,BNBUSDT,419947.5800000000000000,244280743.5101886000000000,2.41681068,1.68748500,2.27039805,1.10447400
2024-03-26 23:15:00,BNBUSDT,420270.5700000000000000,244467187.8633000000000000,2.40751174,1.68572800,2.26646889,1.52834000
2024-03-26 23:20:00,BNBUSDT,420146.6300000000000000,244273641.2755160300000000,2.41478343,1.68431600,2.27278963,0.65688700
2024-03-26 23:25:00,BNBUSDT,420386.2200000000000000,244261209.2688000000000000,2.41775334,1.68359000,2.27625153,0.53211400
2024-03-26 23:30:00,BNBUSDT,420373.2100000000000000,244291483.5273000000000000,2.41245686,1.68251100,2.27258175,0.80693200
2024-03-26 23:35:00,BNBUSDT,420525.0400000000000000,244209945.1538314800000000,2.40075082,1.68259500,2.26238602,1.06576500
2024-03-26 23:40:00,BNBUSDT,420561.4300000000000000,244413979.2890482500000000,2.39235569,1.68035000,2.25962488,1.49701900
2024-03-26 23:45:00,BNBUSDT,420626.2400000000000000,244329164.0288000000000000,2.39993746,1.67932200,2.26681887,0.71014600
2024-03-26 23:50:00,BNBUSDT,420598.7400000000000000,243812677.6032000000000000,2.41444270,1.67953900,2.27259553,0.47826400
2024-03-26 23:55:00,BNBUSDT,420647.0500000000000000,244215057.8185000000000000,2.41352793,1.67970000,2.26824067,1.25683200
2024-03-27 00:00:00,BNBUSDT,420489.9100000000000000,244103446.3947355000000000,2.41476826,1.68006300,2.26882048,0.95730700
