create_time,symbol,sum_open_interest,sum_open_interest_value,count_toptrader_long_short_ratio,sum_toptrader_long_short_ratio,count_long_short_ratio,sum_taker_long_short_vol_ratio
2026-06-11 00:05:00,SOLUSDT,9900333.6100000000000000,626076944.9713235000000000,4.08024224,1.59304600,3.61598350,1.36527300
2026-06-11 00:10:00,SOLUSDT,9901420.2100000000000000,626759899.2930000000000000,4.07504589,1.59260700,3.61261381,1.32818100
2026-06-11 00:15:00,SOLUSDT,9901144.1300000000000000,627602653.0491196000000000,4.08383817,1.59118600,3.62662489,1.49595100
2026-06-11 00:20:00,SOLUSDT,9890722.5000000000000000,629643394.3500000000000000,4.10447274,1.57818300,3.63789756,1.03335600
2026-06-11 00:25:00,SOLUSDT,9897315.2000000000000000,629172327.2640000000000000,4.10986498,1.57883900,3.64090544,0.44342500
2026-06-11 00:30:00,SOLUSDT,9890412.8300000000000000,629524776.6295000000000000,4.10272856,1.58243300,3.63395722,0.80186100
2026-06-11 00:35:00,SOLUSDT,9890105.5800000000000000,628644135.9488541000000000,4.09220089,1.58221200,3.62663464,1.21920000
2026-06-11 00:40:00,SOLUSDT,9895083.8300000000000000,627911401.4939048000000000,4.08677283,1.57955500,3.62043698,0.46257500
2026-06-11 00:45:00,SOLUSDT,9900204.2400000000000000,629058977.4096000000000000,4.08081792,1.57544200,3.60974962,1.92436600
2026-06-11 00:50:00,SOLUSDT,9901820.6800000000000000,630844995.5228000000000000,4.08025960,1.57287600,3.60595807,1.27880800
2026-06-11 00:55:00,SOLUSDT,9900384.8000000000000000,629613910.6287725000000000,4.07839533,1.57373800,3.60553197,0.82156000
2026-06-11 01:00:00,SOLUSDT,9903407.3600000000000000,630131112.4994035000000000,4.08971720,1.57186100,3.61942135,0.33167200
2026-06-11 01:05:00,SOLUSDT,9901380.0500000000000000,632799623.8434743000000000,4.09213239,1.57269300,3.62342426,2.12494000
2026-06-11 01:10:00,SOLUSDT,9884517.2800000000000000,632016034.8832000000000000,4.07603163,1.59038500,3.56876980,0.98701600
2026-06-11 01:15:00,SOLUSDT,9832261.4900000000000000,630609042.3648623000000000,4.06599589,1.58860400,3.56667327,0.81458800
2026-06-11 01:20:00,SOLUSDT,9828524.8100000000000000,632170715.7792000000000000,4.06231069,1.59356500,3.56337935,1.43264700
2026-06-11 01:25:00,SOLUSDT,9826981.9800000000000000,631338899.2974946000000000,4.05782534,1.59843200,3.56379606,1.22792800
2026-06-11 01:30:00,SOLUSDT,9831724.0100000000000000,631589950.4024000000000000,4.04614058,1.59576600,3.55683017,0.86848400
2026-06-11 01:35:00,SOLUSDT,9829818.6900000000000000,630976061.7111000000000000,4.04954128,1.59747300,3.55458141,0.66505500
2026-06-11 01:40:00,SOLUSDT,9854222.1500000000000000,636177438.0612550000000000,4.02192370,1.59283200,3.52504918,1.44302400
2026-06-11 01:45:00,SOLUSDT,9893557.2500000000000000,641718850.9125859000000000,3.99067824,1.57800300,3.50692484,1.18268000
2026-06-11 01:50:00,SOLUSDT,9956806.6000000000000000,645101499.6140000000000000,3.97809127,1.54919900,3.49300288,1.04584200
2026-06-11 01:55:00,SOLUSDT,9983427.2600000000000000,648323766.2644000000000000,3.94353640,1.54662200,3.45516436,1.14786400
2026-06-11 02:00:00,SOLUSDT,9996535.0300000000000000,648375262.0458000000000000,3.92163903,1.53487100,3.44634194,0.60160600
2026-06-11 02:05:00,SOLUSDT,10000426.7000000000000000,649609364.5488732000000000,3.81136738,1.53215400,3.43667784,0.96397600
2026-06-11 02:10:00,SOLUSDT,9998826.8400000000000000,647874948.8847191000000000,3.79716691,1.53366700,3.41642605,0.63033800
2026-06-11 02:15:00,SOLUSDT,10008780.4500000000000000,648074949.4655050000000000,3.77524530,1.52496800,3.39384655,0.41013800
2026-06-11 02:20:00,SOLUSDT,10016815.3000000000000000,648388454.3690000000000000,3.76513761,1.52254000,3.37778060,0.43200200
2026-06-11 02:25:00,SOLUSDT,10010377.5000000000000000,646328596.2748948000000000,3.74773951,1.52214300,3.35570597,0.47120500
2026-06-11 02:30:00,SOLUSDT,10019720.9600000000000000,646353052.7454091000000000,3.73195668,1.52032700,3.33692162,0.88185200
2026-06-11 02:35:00,SOLUSDT,9997989.4500000000000000,644070480.3690000000000000,3.72714387,1.53334400,3.34520271,1.24229900
2026-06-11 02:40:00,SOLUSDT,9995765.7600000000000000,644127145.5744000000000000,3.73123290,1.53343900,3.34635812,0.63013100
2026-06-11 02:45:00,SOLUSDT,9979476.1700000000000000,643277033.9182000000000000,3.71768982,1.54932900,3.33215792,2.32222100
2026-06-11 02:50:00,SOLUSDT,9983955.0900000000000000,642567349.5924000000000000,3.71173624,1.54701100,3.32662811,0.82602200
2026-06-11 02:55:00,SOLUSDT,9986513.0000000000000000,643792532.8761101000000000,3.70891688,1.54703500,3.32866034,1.12633300
2026-06-11 03:00:00,SOLUSDT,9973583.7600000000000000,643243845.0626123000000000,3.71581391,1.55369700,3.33314451,1.41667500
2026-06-11 03:05:00,SOLUSDT,9972394.6800000000000000,642920285.0196000000000000,3.71123426,1.55368800,3.33706804,0.61805200
2026-06-11 03:10:00,SOLUSDT,9970238.8400000000000000,642482190.8496000000000000,3.70825780,1.55386300,3.33228564,0.59012600
2026-06-11 03:15:00,SOLUSDT,9972034.9600000000000000,642199051.4240000000000000,3.70159911,1.55294900,3.31480786,0.76549000
2026-06-11 03:20:00,SOLUSDT,9976602.5000000000000000,642203748.9337733000000000,3.69818145,1.55385800,3.31015308,0.62936300
2026-06-11 03:25:00,SOLUSDT,9984082.7100000000000000,643374289.8324000000000000,3.70379314,1.54751900,3.31631312,0.39931300
2026-06-11 03:30:00,SOLUSDT,9982740.8900000000000000,643786959.9961000000000000,3.70761176,1.54805900,3.31633930,0.89197700
2026-06-11 03:35:00,SOLUSDT,9960708.6400000000000000,645927385.6224260000000000,3.77093369,1.56236400,3.36251032,1.62776700
2026-06-11 03:40:00,SOLUSDT,9965318.2400000000000000,645852275.1344000000000000,3.76211409,1.55945700,3.35730579,0.75258200
2026-06-11 03:45:00,SOLUSDT,9959314.9800000000000000,645662390.1534000000000000,3.76421849,1.55832300,3.35295607,0.65842000
2026-06-11 03:50:00,SOLUSDT,9961279.3700000000000000,646119146.4227853000000000,3.74941380,1.55374400,3.33776713,1.12985100
2026-06-11 03:55:00,SOLUSDT,9961848.8400000000000000,646156536.0631213000000000,3.73709350,1.55093000,3.33425675,0.64655400
2026-06-11 04:00:00,SOLUSDT,9891832.0500000000000000,645244204.6215000000000000,3.72650615,1.58323700,3.34961309,2.08566900
2026-06-11 04:05:00,SOLUSDT,9896778.3100000000000000,644557639.6424341000000000,3.71661436,1.57578700,3.33726951,0.83627100
2026-06-11 04:10:00,SOLUSDT,9894569.2000000000000000,643443835.0760000000000000,3.70329226,1.57592000,3.32238581,0.64416700
2026-06-11 04:15:00,SOLUSDT,9896392.5800000000000000,644057229.1064000000000000,3.70565657,1.57589200,3.32109630,1.23526300
2026-06-11 04:20:00,SOLUSDT,9904960.5000000000000000,644706419.5192474000000000,3.69627016,1.56996800,3.31268418,0.93036600
2026-06-11 04:25:00,SOLUSDT,9909862.1400000000000000,644984438.2326420000000000,3.68454893,1.56691800,3.30131850,0.93247300
2026-06-11 04:30:00,SOLUSDT,9914052.2000000000000000,645107376.6540000000000000,3.67656203,1.56345700,3.29575795,0.53195100
2026-06-11 04:35:00,SOLUSDT,9929761.7700000000000000,645037324.5792000000000000,3.67699559,1.55714800,3.29456881,0.31802700
2026-06-11 04:40:00,SOLUSDT,9933840.6100000000000000,647289054.1476000000000000,3.66616662,1.55606100,3.28408879,1.21135200
2026-06-11 04:45:00,SOLUSDT,9932919.7500000000000000,647030392.5150000000000000,3.66670001,1.55646400,3.28102870,0.81341700
2026-06-11 04:50:00,SOLUSDT,9923889.9100000000000000,647533816.6275000000000000,3.67535070,1.55787000,3.29205855,0.85361000
2026-06-11 04:55:00,SOLUSDT,9920742.0000000000000000,647441968.4121394000000000,3.67655608,1.55712000,3.29355341,0.95937400
2026-06-11 05:00:00,SOLUSDT,9923041.3000000000000000,646783831.9340000000000000,3.66650000,1.55433000,3.28018124,0.71337500
2026-06-11 05:05:00,SOLUSDT,9922088.1300000000000000,645177212.0324662000000000,3.65602554,1.55718700,3.26609761,0.62895900
2026-06-11 05:10:00,SOLUSDT,9923810.9800000000000000,645841618.5784000000000000,3.64771483,1.55684200,3.25470708,0.87342500
2026-06-11 05:15:00,SOLUSDT,9928966.6100000000000000,645879277.9805000000000000,3.63947133,1.55392800,3.24424474,0.73569900
2026-06-11 05:20:00,SOLUSDT,9927593.4800000000000000,646286335.5480000000000000,3.63119794,1.55235500,3.23754530,1.76325100
2026-06-11 05:25:00,SOLUSDT,9931400.3700000000000000,646832106.0981000000000000,3.62172322,1.55034600,3.22921390,1.19155700
2026-06-11 05:30:00,SOLUSDT,9929069.4300000000000000,646382419.8930000000000000,3.62212985,1.54980500,3.22712799,0.65770500
2026-06-11 05:35:00,SOLUSDT,9929994.3500000000000000,646244032.2980000000000000,3.61795531,1.54881000,3.22269781,0.77668600
2026-06-11 05:40:00,SOLUSDT,9930833.9500000000000000,646074213.6785036000000000,3.61751334,1.54892700,3.21907437,0.49896400
2026-06-11 05:45:00,SOLUSDT,9929748.3800000000000000,646823809.4732000000000000,3.61291597,1.54908900,3.21442947,1.22481700
2026-06-11 05:50:00,SOLUSDT,9927858.9200000000000000,645807222.7460000000000000,3.61156617,1.54899100,3.21366323,1.38591300
2026-06-11 05:55:00,SOLUSDT,9933883.8200000000000000,645801787.1382000000000000,3.60638612,1.54924400,3.20494743,1.12290800
2026-06-11 06:00:00,SOLUSDT,9940454.5200000000000000,645533116.5288000000000000,3.59642049,1.54917100,3.19329616,0.68288200
2026-06-11 06:05:00,SOLUSDT,9937379.2800000000000000,644314852.3204675000000000,3.58948919,1.55461000,3.18286855,0.81675100
2026-06-11 06:10:00,SOLUSDT,9934151.5500000000000000,644869468.2044075000000000,3.55661851,1.55726800,3.15628382,0.79412900
2026-06-11 06:15:00,SOLUSDT,9927036.5300000000000000,646808671.3565690000000000,3.55375610,1.55770500,3.14373840,2.19123600
2026-06-11 06:20:00,SOLUSDT,9938051.5700000000000000,647773733.4476418000000000,3.54180439,1.55924200,3.13281623,1.76645100
2026-06-11 06:25:00,SOLUSDT,9936499.2100000000000000,649372713.3477169000000000,3.54389888,1.55655700,3.14377131,1.06317100
2026-06-11 06:30:00,SOLUSDT,9924965.8900000000000000,648194736.3580981000000000,3.54370442,1.56692500,3.13235995,1.60951700
2026-06-11 06:35:00,SOLUSDT,9916204.3400000000000000,648023953.6190000000000000,3.54735511,1.57207300,3.13640427,1.10691900
2026-06-11 06:40:00,SOLUSDT,9922130.0000000000000000,648311974.2000000000000000,3.53895411,1.56830200,3.13348807,1.06206300
2026-06-11 06:45:00,SOLUSDT,9915197.7600000000000000,647164957.7952000000000000,3.53503926,1.56861200,3.12241870,0.87004300
2026-06-11 06:50:00,SOLUSDT,9913227.1600000000000000,646144146.2888000000000000,3.52893362,1.56619100,3.11845926,0.70256100
2026-06-11 06:55:00,SOLUSDT,9933738.9300000000000000,646984416.5109000000000000,3.52626487,1.55285900,3.11465119,0.24420800
2026-06-11 07:00:00,SOLUSDT,9932408.2300000000000000,646389595.3871764000000000,3.52242413,1.55279000,3.11120970,0.87648300
2026-06-11 07:05:00,SOLUSDT,9934143.3400000000000000,645333197.1146852000000000,3.52758420,1.55507600,3.11143973,0.57102000
2026-06-11 07:10:00,SOLUSDT,9952142.2200000000000000,646093072.9224000000000000,3.52735548,1.55254400,3.10808254,0.29441100
2026-06-11 07:15:00,SOLUSDT,9956355.0000000000000000,646532121.0700670000000000,3.53149225,1.55148700,3.10914036,1.04438700
2026-06-11 07:20:00,SOLUSDT,9950909.6400000000000000,647008144.7928000000000000,3.53030010,1.55418600,3.10638800,2.35249700
2026-06-11 07:25:00,SOLUSDT,9938503.0400000000000000,646400237.7216000000000000,3.53644824,1.56144300,3.10931963,2.14391900
2026-06-11 07:30:00,SOLUSDT,9938659.3100000000000000,646907334.4879000000000000,3.53756665,1.56103500,3.10962220,1.60463900
2026-06-11 07:35:00,SOLUSDT,9963124.0800000000000000,647512973.1523504000000000,3.54666408,1.54419900,3.11238410,1.29507100
2026-06-11 07:40:00,SOLUSDT,9966822.5200000000000000,645452208.8904360000000000,3.55577185,1.54211800,3.12060391,0.26498000
2026-06-11 07:45:00,SOLUSDT,9931722.6400000000000000,644171530.4304000000000000,3.54137964,1.56792200,3.09755811,1.90873000
2026-06-11 07:50:00,SOLUSDT,9927351.6700000000000000,644769470.2341833000000000,3.53946858,1.57171700,3.09287435,1.85111200
2026-06-11 07:55:00,SOLUSDT,9928729.5500000000000000,644573122.3860000000000000,3.54563107,1.57153500,3.09363802,0.65774600
2026-06-11 08:00:00,SOLUSDT,9928262.5600000000000000,645535631.6512000000000000,3.54057198,1.57082600,3.08519365,1.40978300
2026-06-11 08:05:00,SOLUSDT,9916190.1300000000000000,645246491.7591000000000000,3.53393359,1.57492500,3.08903226,1.34880500
2026-06-11 08:10:00,SOLUSDT,9913658.9300000000000000,645180923.1644000000000000,3.53827519,1.57976300,3.08844215,1.28311600
2026-06-11 08:15:00,SOLUSDT,9905997.2400000000000000,645573840.1308000000000000,3.53574196,1.58618700,3.08625132,2.58048700
2026-06-11 08:20:00,SOLUSDT,9908596.1200000000000000,646009175.4792811000000000,3.53967639,1.58242900,3.09115941,0.64155200
2026-06-11 08:25:00,SOLUSDT,9877941.5200000000000000,645732960.1341529000000000,3.53201780,1.62313000,3.08720080,0.46027200
2026-06-11 08:30:00,SOLUSDT,9838813.4300000000000000,644147115.2621000000000000,3.52081522,1.63417700,3.08997007,1.13290500
2026-06-11 08:35:00,SOLUSDT,9868665.9600000000000000,645904187.0820000000000000,3.51083293,1.60071100,3.08585652,2.63174200
2026-06-11 08:40:00,SOLUSDT,9868968.3500000000000000,645690677.6747409000000000,3.50591631,1.60048800,3.07969362,1.61910200
2026-06-11 08:45:00,SOLUSDT,9867389.9000000000000000,644143212.6720000000000000,3.50331763,1.59096600,3.08303587,0.57897900
2026-06-11 08:50:00,SOLUSDT,9883666.5500000000000000,644910630.3507936000000000,3.50201845,1.57846600,3.08012858,0.90080200
2026-06-11 08:55:00,SOLUSDT,9883912.1000000000000000,644864278.6128824000000000,3.49764762,1.57867200,3.07947639,0.66611300
2026-06-11 09:00:00,SOLUSDT,9890812.5800000000000000,645672245.2224000000000000,3.49146529,1.57791100,3.06948007,1.14479300
2026-06-11 09:05:00,SOLUSDT,9885838.4800000000000000,644090404.1149579000000000,3.49017729,1.57439700,3.06524649,0.28887400
2026-06-11 09:10:00,SOLUSDT,9903835.8500000000000000,644876891.8653584000000000,3.47906310,1.58479200,3.05275070,0.29550500
2026-06-11 09:15:00,SOLUSDT,9906827.8700000000000000,644902252.9619702000000000,3.47369426,1.58337300,3.05323348,0.42790800
2026-06-11 09:20:00,SOLUSDT,9916340.5700000000000000,645119668.6223642000000000,3.47620413,1.58020200,3.05323657,0.40031700
2026-06-11 09:25:00,SOLUSDT,9961474.2300000000000000,648292742.8884000000000000,3.47102625,1.63388900,3.03543353,0.83791800
2026-06-11 09:30:00,SOLUSDT,9966343.8600000000000000,649207639.0404000000000000,3.46729596,1.63742500,3.03082073,2.73781900
2026-06-11 09:35:00,SOLUSDT,9984065.4000000000000000,653257399.1220000000000000,3.45921766,1.64157300,3.03121934,2.74499400
2026-06-11 09:40:00,SOLUSDT,9961065.8500000000000000,650982366.1866219000000000,3.44799772,1.62629900,3.02145034,1.34138500
2026-06-11 09:45:00,SOLUSDT,9954683.0300000000000000,650737629.6711000000000000,3.45062666,1.62657700,3.01734436,1.28135500
2026-06-11 09:50:00,SOLUSDT,9949733.2600000000000000,651011047.2018000000000000,3.44857685,1.62701800,3.02021827,1.11600200
2026-06-11 09:55:00,SOLUSDT,9888852.6000000000000000,647522068.2480000000000000,3.45788173,1.61167500,3.03249597,0.47346000
2026-06-11 10:00:00,SOLUSDT,9886877.5500000000000000,646218283.8434553000000000,3.44994781,1.60749200,3.02843002,0.55952300
2026-06-11 10:05:00,SOLUSDT,9881685.4900000000000000,645669329.9166000000000000,3.44373934,1.60483400,3.02326517,1.17002800
2026-06-11 10:10:00,SOLUSDT,9875121.9900000000000000,646227983.0256000000000000,3.43933806,1.60382300,3.01558918,1.82344800
2026-06-11 10:15:00,SOLUSDT,9871139.9600000000000000,645069489.9846616000000000,3.43622449,1.60248600,3.01523831,0.58262100
2026-06-11 10:20:00,SOLUSDT,9868852.2900000000000000,644351425.8718920000000000,3.43022927,1.60060200,3.00497001,0.89818200
2026-06-11 10:25:00,SOLUSDT,9885174.1000000000000000,646688089.6220000000000000,3.41626704,1.60447100,2.99084030,1.42456800
2026-06-11 10:30:00,SOLUSDT,9868937.3900000000000000,645643014.9500791000000000,3.41219008,1.61759400,2.98948146,0.21352400
2026-06-11 10:35:00,SOLUSDT,9873132.7900000000000000,646428286.5364807000000000,3.40446069,1.61883700,2.98021318,1.76416600
2026-06-11 10:40:00,SOLUSDT,9924614.4600000000000000,649546110.9055160000000000,3.40718170,1.57431300,2.98965968,2.85230200
2026-06-11 10:45:00,SOLUSDT,9921292.8300000000000000,649050976.9386000000000000,3.40528387,1.57477100,2.98943842,1.19864100
2026-06-11 10:50:00,SOLUSDT,9919285.5900000000000000,649258542.5965254000000000,3.40314577,1.57502500,2.99006585,1.77855700
2026-06-11 10:55:00,SOLUSDT,9915114.9400000000000000,650034935.4664000000000000,3.40962386,1.57327200,2.99897506,1.58994800
2026-06-11 11:00:00,SOLUSDT,9913206.8500000000000000,649073798.8904570000000000,3.40837009,1.56618400,3.00467583,1.68384100
2026-06-11 11:05:00,SOLUSDT,9904361.8200000000000000,648636655.5918000000000000,3.41096405,1.56761900,3.00484386,1.50407700
2026-06-11 11:10:00,SOLUSDT,9953028.8900000000000000,651326210.5616000000000000,3.41107461,1.59855000,2.99596453,0.19702000
2026-06-11 11:15:00,SOLUSDT,9953872.2800000000000000,652596688.7840676000000000,3.41229470,1.60803500,2.99670455,2.41533000
2026-06-11 11:20:00,SOLUSDT,9946706.0900000000000000,650812979.4687000000000000,3.41321693,1.60590900,3.00017060,0.57194700
2026-06-11 11:25:00,SOLUSDT,9942895.4100000000000000,651160220.4009000000000000,3.41114656,1.60585600,3.00102377,0.84598600
2026-06-11 11:30:00,SOLUSDT,9947550.6600000000000000,651365617.2168000000000000,3.40808100,1.60461600,2.99477748,0.90080100
2026-06-11 11:35:00,SOLUSDT,9941876.5600000000000000,651491170.9768000000000000,3.40723388,1.60203700,2.99716087,1.24660900
2026-06-11 11:40:00,SOLUSDT,9930635.5900000000000000,649761486.6537000000000000,3.40830677,1.59756900,2.99551519,0.39060200
2026-06-11 11:45:00,SOLUSDT,9930238.3000000000000000,650232003.8840000000000000,3.40614750,1.60054300,2.98957330,2.28729300
2026-06-11 11:50:00,SOLUSDT,9915448.8400000000000000,649710243.9296633000000000,3.39247362,1.61677600,2.97645930,2.09828100
2026-06-11 11:55:00,SOLUSDT,9806765.7700000000000000,647032170.6081920000000000,3.43765491,1.68343200,3.09461461,2.17015500
2026-06-11 12:00:00,SOLUSDT,9784058.9800000000000000,644280283.8330000000000000,3.43561905,1.67316500,3.08404651,0.70707100
2026-06-11 12:05:00,SOLUSDT,9793433.4200000000000000,643918247.3650000000000000,3.43503900,1.66402400,3.07814983,0.87647400
2026-06-11 12:10:00,SOLUSDT,9790036.1800000000000000,642267275.0043557000000000,3.43741076,1.65320600,3.08389796,0.54316900
2026-06-11 12:15:00,SOLUSDT,9789337.9600000000000000,642507376.5534163000000000,3.43757137,1.64656800,3.08287716,1.12836300
2026-06-11 12:20:00,SOLUSDT,9778550.9900000000000000,640679449.7560899000000000,3.44112327,1.65365400,3.08541826,0.99437100
2026-06-11 12:25:00,SOLUSDT,9801496.6800000000000000,637676513.7418462000000000,3.46240999,1.65613200,3.09217082,0.55822700
2026-06-11 12:30:00,SOLUSDT,9800871.5100000000000000,637840717.8708000000000000,3.45053578,1.66218500,3.08321021,0.57391700
2026-06-11 12:35:00,SOLUSDT,9831775.5200000000000000,640048586.3520000000000000,3.43155187,1.64184700,3.05536657,1.06619500
2026-06-11 12:40:00,SOLUSDT,9818626.3900000000000000,638380258.2848167000000000,3.43517195,1.65272600,3.05444009,1.64137100
2026-06-11 12:45:00,SOLUSDT,9831242.8500000000000000,641734989.9134293000000000,3.42802778,1.66081900,3.04742437,1.49716900
2026-06-11 12:50:00,SOLUSDT,9827504.9900000000000000,640469629.8477012000000000,3.43795273,1.66293700,3.05549383,0.90974800
2026-06-11 12:55:00,SOLUSDT,9819605.4500000000000000,640284762.1377687000000000,3.43425688,1.68391400,3.05068021,2.48769900
2026-06-11 13:00:00,SOLUSDT,9818518.7200000000000000,640461976.1056000000000000,3.42960357,1.68393900,3.05193744,0.88583300
2026-06-11 13:05:00,SOLUSDT,9811400.2400000000000000,639578579.3093313000000000,3.41789065,1.67768900,3.03777093,0.49864000
2026-06-11 13:10:00,SOLUSDT,9814109.0700000000000000,639248111.4086334000000000,3.41562500,1.67512100,3.03600256,0.74458200
2026-06-11 13:15:00,SOLUSDT,9811694.9400000000000000,639428159.2398000000000000,3.41617731,1.66771700,3.03587392,0.76856200
2026-06-11 13:20:00,SOLUSDT,9800997.0200000000000000,640495155.2570000000000000,3.41288918,1.66844500,3.02808826,2.22535800
2026-06-11 13:25:00,SOLUSDT,9770247.9200000000000000,637042577.6258359000000000,3.41554630,1.67031700,3.03650398,0.87132400
2026-06-11 13:30:00,SOLUSDT,9769107.2300000000000000,637169273.6937096000000000,3.40873016,1.67055800,3.02946796,0.49496300
2026-06-11 13:35:00,SOLUSDT,9764417.7800000000000000,637030615.9672000000000000,3.39147615,1.67365200,3.00684656,0.82704400
2026-06-11 13:40:00,SOLUSDT,9769448.3800000000000000,637944979.2140000000000000,3.38846082,1.67010500,3.00373499,1.22389800
2026-06-11 13:45:00,SOLUSDT,9810858.7900000000000000,641139621.9265000000000000,3.38214051,1.63257200,3.00183634,1.37005000
2026-06-11 13:50:00,SOLUSDT,9791997.5300000000000000,641767518.1162000000000000,3.37588985,1.65830800,2.99535817,2.09116700
2026-06-11 13:55:00,SOLUSDT,9770618.3800000000000000,640620968.2341774000000000,3.38059491,1.67353700,3.00419420,1.40083100
2026-06-11 14:00:00,SOLUSDT,9767583.7000000000000000,639776732.3500000000000000,3.37448483,1.67621100,3.00471075,0.60529900
2026-06-11 14:05:00,SOLUSDT,9756313.7900000000000000,638843426.9692000000000000,3.37349059,1.67640100,3.00499397,0.51474400
2026-06-11 14:10:00,SOLUSDT,9747504.4200000000000000,636024663.4050000000000000,3.37035651,1.67372300,3.00086054,0.52242200
2026-06-11 14:15:00,SOLUSDT,9750176.5000000000000000,634833991.9150000000000000,3.38828287,1.66117000,3.00546008,0.47277900
2026-06-11 14:20:00,SOLUSDT,9777404.8700000000000000,636110490.8071053000000000,3.39145573,1.64833000,3.00920704,0.41480200
2026-06-11 14:25:00,SOLUSDT,9772449.4800000000000000,638161735.5781765000000000,3.38781268,1.65003600,3.00143587,1.53112700
2026-06-11 14:30:00,SOLUSDT,9766609.7300000000000000,638300533.4819285000000000,3.37450760,1.64968100,2.97351107,0.81966600
2026-06-11 14:35:00,SOLUSDT,9758336.9300000000000000,639073485.5457000000000000,3.36688829,1.65181600,2.97316934,1.03072600
2026-06-11 14:40:00,SOLUSDT,9754028.3500000000000000,639024286.9267062000000000,3.34846649,1.65533400,2.95980387,1.05509700
2026-06-11 14:45:00,SOLUSDT,9760689.7700000000000000,639697623.3572919000000000,3.34043147,1.65211700,2.95527738,0.50167400
2026-06-11 14:50:00,SOLUSDT,9755212.0800000000000000,640006319.6749243000000000,3.33221975,1.66152000,2.94413566,1.98361300
2026-06-11 14:55:00,SOLUSDT,9742183.5400000000000000,638892396.5532000000000000,3.33042752,1.66837100,2.94330423,1.32725500
2026-06-11 15:00:00,SOLUSDT,9767041.6100000000000000,638103562.0496811000000000,3.34743709,1.64779800,2.95004830,0.39412100
2026-06-11 15:05:00,SOLUSDT,9756939.3300000000000000,635664597.3495000000000000,3.37004405,1.64977600,2.93305109,0.91640900
2026-06-11 15:10:00,SOLUSDT,9745298.7300000000000000,636855272.0055000000000000,3.37128388,1.65743600,2.92685263,0.85155200
2026-06-11 15:15:00,SOLUSDT,9741644.6400000000000000,638369973.2592000000000000,3.34295558,1.66040100,2.90655462,1.18233500
2026-06-11 15:20:00,SOLUSDT,9745713.7800000000000000,638493084.0630770000000000,3.33469539,1.65471600,2.90225900,0.64635500
2026-06-11 15:25:00,SOLUSDT,9743174.7500000000000000,640126581.0750000000000000,3.32012590,1.65991500,2.88643199,1.54942200
2026-06-11 15:30:00,SOLUSDT,9746371.5900000000000000,640336613.4630000000000000,3.31243652,1.65772200,2.87159878,0.49881500
2026-06-11 15:35:00,SOLUSDT,9757599.2300000000000000,640879117.4264000000000000,3.29973304,1.66166300,2.85418850,1.13111900
2026-06-11 15:40:00,SOLUSDT,9755680.1700000000000000,641263832.6886843000000000,3.30058921,1.66008100,2.86030711,1.00773100
2026-06-11 15:45:00,SOLUSDT,9758564.0200000000000000,639103097.3952384000000000,3.29899659,1.65913200,2.86023644,0.70857000
2026-06-11 15:50:00,SOLUSDT,9758960.1200000000000000,638528760.6516000000000000,3.30590406,1.66102600,2.86746788,0.81172700
2026-06-11 15:55:00,SOLUSDT,9767787.1200000000000000,638715599.7768000000000000,3.31597447,1.65056200,2.87645752,0.68417400
2026-06-11 16:00:00,SOLUSDT,9770789.6800000000000000,640084431.9368000000000000,3.32043329,1.64802700,2.87595780,1.01290500
2026-06-11 16:05:00,SOLUSDT,9722877.0200000000000000,636813277.5527338000000000,3.32440697,1.66339100,2.87907571,1.20772800
2026-06-11 16:10:00,SOLUSDT,9722849.5700000000000000,637561474.8189832000000000,3.32169645,1.66784200,2.87177214,2.34200400
2026-06-11 16:15:00,SOLUSDT,9719905.7400000000000000,639068773.6811429000000000,3.31610577,1.66925700,2.86909111,1.44926400
2026-06-11 16:20:00,SOLUSDT,9721086.2500000000000000,638092101.4500000000000000,3.32099565,1.66522900,2.86988272,0.57229700
2026-06-11 16:25:00,SOLUSDT,9712630.3500000000000000,634833299.0095192000000000,3.31933395,1.66585100,2.87338759,0.48086300
2026-06-11 16:30:00,SOLUSDT,9722461.0300000000000000,636043400.5826000000000000,3.31732815,1.67409800,2.87405807,1.92971400
2026-06-11 16:35:00,SOLUSDT,9721568.1800000000000000,636859931.4718000000000000,3.31511284,1.67909200,2.87377349,1.32403200
2026-06-11 16:40:00,SOLUSDT,9723618.6600000000000000,637577675.5362000000000000,3.30513010,1.67444000,2.86538355,0.82129400
2026-06-11 16:45:00,SOLUSDT,9722329.0200000000000000,637201443.9708000000000000,3.30158584,1.67489900,2.85972276,0.99077800
2026-06-11 16:50:00,SOLUSDT,9723061.5800000000000000,636281637.3770416000000000,3.30308898,1.67648900,2.86384743,1.05853400
2026-06-11 16:55:00,SOLUSDT,9724974.5400000000000000,636222921.3433024000000000,3.30396679,1.67916900,2.86629419,0.95426700
2026-06-11 17:00:00,SOLUSDT,9724346.9000000000000000,635486069.9150000000000000,3.30713098,1.67889200,2.86968807,0.87060400
2026-06-11 17:05:00,SOLUSDT,9725028.6200000000000000,634169116.3102000000000000,3.31478567,1.67965800,2.87330041,0.70970800
2026-06-11 17:10:00,SOLUSDT,9721677.4500000000000000,635408838.1320000000000000,3.31192745,1.67404200,2.86976280,0.83760400
2026-06-11 17:15:00,SOLUSDT,9725756.6500000000000000,634269586.4054556000000000,3.30620728,1.67395800,2.86591777,0.95687800
2026-06-11 17:20:00,SOLUSDT,9768982.0200000000000000,635826984.5183402000000000,3.32371497,1.64593500,2.87651238,1.08873400
2026-06-11 17:25:00,SOLUSDT,9762472.6100000000000000,635399829.2603841000000000,3.32667843,1.64763900,2.88262127,0.54472900
2026-06-11 17:30:00,SOLUSDT,9773165.6600000000000000,643285733.6802784000000000,3.32190635,1.64366300,2.88112629,1.62965300
2026-06-11 17:35:00,SOLUSDT,9717255.7000000000000000,646391849.1640000000000000,3.36690375,1.71497000,2.95642387,1.50688600
2026-06-11 17:40:00,SOLUSDT,9710909.6200000000000000,645447729.5362332000000000,3.34543226,1.69366200,2.94492037,0.68683300
2026-06-11 17:45:00,SOLUSDT,9721066.2900000000000000,647682752.3758345000000000,3.32571429,1.68766800,2.92283123,0.88306300
2026-06-11 17:50:00,SOLUSDT,9756576.7400000000000000,655048844.7738329000000000,3.33305061,1.70746500,2.94850306,2.30745400
2026-06-11 17:55:00,SOLUSDT,9744069.5600000000000000,651790357.0870934000000000,3.31622408,1.71147300,2.93211083,0.88879200
2026-06-11 18:00:00,SOLUSDT,9737896.9200000000000000,653722035.6564041000000000,3.31379537,1.72286200,2.92441360,0.97641100
2026-06-11 18:05:00,SOLUSDT,9763077.2800000000000000,653451613.6538929000000000,3.30653313,1.70703400,2.92433890,1.17261800
2026-06-11 18:10:00,SOLUSDT,9758998.9700000000000000,652522171.2495732000000000,3.30056022,1.69799900,2.91014443,0.56769700
2026-06-11 18:15:00,SOLUSDT,9752176.9000000000000000,654078504.6830000000000000,3.31638101,1.69645600,2.92487833,1.12225000
2026-06-11 18:20:00,SOLUSDT,9749370.5000000000000000,654359326.6219339000000000,3.29951511,1.69054700,2.91954745,0.95125600
2026-06-11 18:25:00,SOLUSDT,9747933.4800000000000000,650577080.4552000000000000,3.31314361,1.68992700,2.92407238,0.58796900
2026-06-11 18:30:00,SOLUSDT,9745702.8400000000000000,650330750.5132000000000000,3.31221338,1.68833200,2.91962499,0.75112800
2026-06-11 18:35:00,SOLUSDT,9744287.5600000000000000,649848593.5185181000000000,3.30531428,1.68807400,2.91220569,0.92879000
2026-06-11 18:40:00,SOLUSDT,9741287.3300000000000000,650844509.4899142000000000,3.30862004,1.69665500,2.90926179,1.37435000
2026-06-11 18:45:00,SOLUSDT,9746694.2100000000000000,652673718.3655163000000000,3.30189383,1.69805400,2.91277347,1.65841800
2026-06-11 18:50:00,SOLUSDT,9742506.7800000000000000,651293246.0146402000000000,3.29738044,1.69900600,2.90645271,0.97409100
2026-06-11 18:55:00,SOLUSDT,9740734.9800000000000000,650638787.9764291000000000,3.29461624,1.69777800,2.90498664,0.80979700
2026-06-11 19:00:00,SOLUSDT,9744055.8900000000000000,650513171.2164000000000000,3.29045759,1.69384100,2.89752750,0.96870000
2026-06-11 19:05:00,SOLUSDT,9741320.6000000000000000,649926208.6361240000000000,3.29203869,1.69376800,2.90177051,0.89120500
2026-06-11 19:10:00,SOLUSDT,9739631.2500000000000000,648756837.5625000000000000,3.28839717,1.69166600,2.89161334,0.71284600
2026-06-11 19:15:00,SOLUSDT,9740101.8200000000000000,649956994.4486000000000000,3.28254410,1.69131100,2.88863739,1.09508400
2026-06-11 19:20:00,SOLUSDT,9736373.6200000000000000,651908834.4225638000000000,3.28312750,1.69157900,2.89003962,0.84903800
2026-06-11 19:25:00,SOLUSDT,9737135.4200000000000000,652972301.2652000000000000,3.27980332,1.69125500,2.88916549,1.01245400
2026-06-11 19:30:00,SOLUSDT,9777816.1700000000000000,654331458.0964000000000000,3.28892814,1.65530200,2.89676469,1.21049500
2026-06-11 19:35:00,SOLUSDT,9742620.5500000000000000,654295040.0840485000000000,3.29311469,1.67050800,2.90462378,1.82146700
2026-06-11 19:40:00,SOLUSDT,9723842.1600000000000000,650629422.0600507000000000,3.29818012,1.68303500,2.90636384,1.19433300
2026-06-11 19:45:00,SOLUSDT,9730511.3600000000000000,651364553.9371990000000000,3.30056022,1.67739800,2.91664765,1.40102600
2026-06-11 19:50:00,SOLUSDT,9731988.4000000000000000,651751263.1480000000000000,3.29909506,1.67827800,2.90927718,0.85599500
2026-06-11 19:55:00,SOLUSDT,9761434.9100000000000000,653559707.0610881000000000,3.29712847,1.67638400,2.90725577,1.55254100
2026-06-11 20:00:00,SOLUSDT,9770471.9000000000000000,653644356.3320749000000000,3.29488493,1.67720900,2.90340716,0.99683400
2026-06-11 20:05:00,SOLUSDT,9784003.9400000000000000,654843383.7042000000000000,3.29570896,1.67318500,2.90408546,1.50315200
2026-06-11 20:10:00,SOLUSDT,9781928.6100000000000000,654141198.3120289000000000,3.29224893,1.67052700,2.89981847,0.80335400
2026-06-11 20:15:00,SOLUSDT,9779641.5300000000000000,653475647.0346000000000000,3.28954474,1.67215500,2.89349414,0.58362200
2026-06-11 20:20:00,SOLUSDT,9778360.9600000000000000,653813656.9205111000000000,3.28307321,1.67261100,2.88861890,0.77537600
2026-06-11 20:25:00,SOLUSDT,9776853.2200000000000000,653289332.1604000000000000,3.28284705,1.67431400,2.88629046,0.36045600
2026-06-11 20:30:00,SOLUSDT,9754576.5900000000000000,648922622.2776089000000000,3.30000000,1.66707100,2.89722759,0.37154000
2026-06-11 20:35:00,SOLUSDT,9750204.4000000000000000,648844474.9119632000000000,3.29867339,1.66869100,2.89584871,0.64459600
2026-06-11 20:40:00,SOLUSDT,9760499.9100000000000000,647537614.3156348000000000,3.29846700,1.67301600,2.88960781,0.69538200
2026-06-11 20:45:00,SOLUSDT,9784645.2300000000000000,649422229.2135379000000000,3.29941072,1.67425400,2.88633012,3.28537200
2026-06-11 20:50:00,SOLUSDT,9788136.8100000000000000,649834402.8159000000000000,3.29969133,1.67654800,2.88832142,1.45669500
2026-06-11 20:55:00,SOLUSDT,9776814.5200000000000000,650353701.8704000000000000,3.30293952,1.68134800,2.89400398,2.62908900
2026-06-11 21:00:00,SOLUSDT,9770518.4000000000000000,650166977.8450379000000000,3.31415971,1.68175200,2.90109265,0.96822100
2026-06-11 21:05:00,SOLUSDT,9756980.7400000000000000,650400336.1284000000000000,3.32423786,1.67963900,2.91275053,2.30975700
2026-06-11 21:10:00,SOLUSDT,9754641.9700000000000000,650715487.3318597000000000,3.33097662,1.68038300,2.92597261,1.17958400
2026-06-11 21:15:00,SOLUSDT,9737910.6400000000000000,652361723.5841023000000000,3.32761546,1.68925100,2.92303725,2.25881300
2026-06-11 21:20:00,SOLUSDT,9739277.0600000000000000,651947206.3964000000000000,3.32633462,1.68797600,2.92124091,0.86146000
2026-06-11 21:25:00,SOLUSDT,9740621.2300000000000000,652231997.5608000000000000,3.32111299,1.68286800,2.91317998,1.40925800
2026-06-11 21:30:00,SOLUSDT,9737020.3900000000000000,651698774.7027000000000000,3.31505821,1.68325300,2.91021107,1.04316700
2026-06-11 21:35:00,SOLUSDT,9731859.9600000000000000,651331517.8817351000000000,3.31493476,1.68398500,2.90805449,0.81088300
2026-06-11 21:40:00,SOLUSDT,9727713.3100000000000000,651562237.5038000000000000,3.31201350,1.68389300,2.90104078,1.43519700
2026-06-11 21:45:00,SOLUSDT,9727194.5300000000000000,651248694.5088259000000000,3.31170901,1.68418100,2.90280384,0.77353500
2026-06-11 21:50:00,SOLUSDT,9722082.6300000000000000,651914383.3638570000000000,3.30857143,1.68713600,2.89663980,0.97725500
2026-06-11 21:55:00,SOLUSDT,9720659.1200000000000000,650700921.4928000000000000,3.30906877,1.68822100,2.90008520,0.50513600
2026-06-11 22:00:00,SOLUSDT,9727925.2500000000000000,650536622.5136921000000000,3.30383536,1.68939100,2.89528024,0.98420900
2026-06-11 22:05:00,SOLUSDT,9745788.2900000000000000,651895778.7181000000000000,3.29654528,1.68508400,2.89167139,1.79253300
2026-06-11 22:10:00,SOLUSDT,9748724.1700000000000000,653283094.3894138000000000,3.29630321,1.68248800,2.89479651,0.60465600
2026-06-11 22:15:00,SOLUSDT,9754865.0800000000000000,653771057.6616000000000000,3.29775910,1.68196900,2.89618044,0.49388700
2026-06-11 22:20:00,SOLUSDT,9752062.5900000000000000,653455688.1403091000000000,3.29650023,1.68009800,2.89406036,1.09099000
2026-06-11 22:25:00,SOLUSDT,9756706.3600000000000000,652871203.6175386000000000,3.29471033,1.68568800,2.89127114,0.59884000
2026-06-11 22:30:00,SOLUSDT,9754125.7300000000000000,652843635.1089000000000000,3.29054810,1.68503800,2.89009559,0.48360700
2026-06-11 22:35:00,SOLUSDT,9781034.8900000000000000,653959992.7454000000000000,3.29376633,1.66113300,2.89029703,2.33671000
2026-06-11 22:40:00,SOLUSDT,9779386.8000000000000000,654534358.5240000000000000,3.29253731,1.66002500,2.88410054,1.42968900
2026-06-11 22:45:00,SOLUSDT,9779830.9800000000000000,654174204.0649631000000000,3.28763040,1.66003300,2.88390084,0.86015700
2026-06-11 22:50:00,SOLUSDT,9778002.2400000000000000,654441689.9232000000000000,3.28466406,1.66027600,2.88133394,0.87145500
2026-06-11 22:55:00,SOLUSDT,9776295.8300000000000000,654361222.2981424000000000,3.28445147,1.66021200,2.87997744,0.73738000
2026-06-11 23:00:00,SOLUSDT,9775896.1600000000000000,653518658.2960000000000000,3.28325581,1.66095900,2.87642286,1.04459600
2026-06-11 23:05:00,SOLUSDT,9776956.6700000000000000,652661254.6228404000000000,3.28135751,1.65925600,2.87189013,0.65266100
2026-06-11 23:10:00,SOLUSDT,9778695.7300000000000000,652043431.2764000000000000,3.28091873,1.66292700,2.87057566,0.51117700
2026-06-11 23:15:00,SOLUSDT,9776592.0500000000000000,652489753.4170000000000000,3.27471915,1.66161200,2.86161616,1.34473100
2026-06-11 23:20:00,SOLUSDT,9779832.5000000000000000,652999416.0250000000000000,3.27061115,1.66286000,2.85763928,1.23960100
2026-06-11 23:25:00,SOLUSDT,9780085.6000000000000000,652918514.6560000000000000,3.27024019,1.66268100,2.85609456,1.27154100
2026-06-11 23:30:00,SOLUSDT,9778743.8200000000000000,652144425.3558000000000000,3.26682113,1.66371700,2.85431131,1.46685700
2026-06-11 23:35:00,SOLUSDT,9768403.6900000000000000,653115470.7134000000000000,3.25771862,1.67710600,2.84775686,2.18844700
2026-06-11 23:40:00,SOLUSDT,9770533.3500000000000000,653746386.4485000000000000,3.26038294,1.67933100,2.84690572,1.85129800
2026-06-11 23:45:00,SOLUSDT,9756255.4200000000000000,653669113.1400000000000000,3.26994434,1.68118500,2.87927043,1.59636700
2026-06-11 23:50:00,SOLUSDT,9765565.9900000000000000,653287440.6870282000000000,3.27409471,1.67017700,2.89036752,0.44183100
2026-06-11 23:55:00,SOLUSDT,9786178.2600000000000000,654122868.1238285000000000,3.27385815,1.65198700,2.89167139,0.56711000
2026-06-12 00:00:00,SOLUSDT,9776630.9500000000000000,653861077.9360000000000000,3.27410366,1.65764100,2.88931038,3.72304700
