create_time,symbol,sum_open_interest,sum_open_interest_value,count_toptrader_long_short_ratio,sum_toptrader_long_short_ratio,count_long_short_ratio,sum_taker_long_short_vol_ratio
2026-03-14 00:05:00,ETHUSDT,2095517.3860000000000000,4376010510.1234940000000000,1.68473056,1.24956800,1.59271393,0.71231500
2026-03-14 00:10:00,ETHUSDT,2095438.1710000000000000,4380513496.4755000000000000,1.68322229,1.25031300,1.59067633,0.94134900
2026-03-14 00:15:00,ETHUSDT,2096020.4420000000000000,4386340630.3728880000000000,1.69167629,1.25062000,1.59559429,1.77796600
2026-03-14 00:20:00,ETHUSDT,2095569.1520000000000000,4385360250.2669660000000000,1.70047794,1.25105500,1.60373341,0.71321200
2026-03-14 00:25:00,ETHUSDT,2095307.2580000000000000,4383445642.9537400000000000,1.70695389,1.25009800,1.60950349,1.39492200
2026-03-14 00:30:00,ETHUSDT,2095558.4360000000000000,4382189890.1944800000000000,1.70208555,1.24875700,1.60593104,0.63218900
2026-03-14 00:35:00,ETHUSDT,2096454.4800000000000000,4385552162.1672000000000000,1.70146938,1.24958500,1.60492197,0.89105600
2026-03-14 00:40:00,ETHUSDT,2096344.6200000000000000,4375071221.9400000000000000,1.70661913,1.25039900,1.60896071,0.81423100
2026-03-14 00:45:00,ETHUSDT,2096114.5210000000000000,4365095606.5468700000000000,1.70456621,1.25270100,1.60535484,0.67904200
2026-03-14 00:50:00,ETHUSDT,2098959.9300000000000000,4372310953.2488680000000000,1.70295584,1.25562300,1.60197233,1.34081300
2026-03-14 00:55:00,ETHUSDT,2099302.5010000000000000,4375450244.6842400000000000,1.70333881,1.25606400,1.60161503,0.95365300
2026-03-14 01:00:00,ETHUSDT,2099480.8340000000000000,4376975096.9443880000000000,1.70468023,1.25653800,1.60252091,0.84122700
2026-03-14 01:05:00,ETHUSDT,2099010.6640000000000000,4382261045.2964150000000000,1.69906734,1.25759500,1.60148502,1.09029200
2026-03-14 01:10:00,ETHUSDT,2099811.7610000000000000,4386203223.8464790000000000,1.69901943,1.25820100,1.60105412,1.55897600
2026-03-14 01:15:00,ETHUSDT,2099712.4430000000000000,4381923981.0049130000000000,1.70008776,1.25859200,1.60280095,0.64129200
2026-03-14 01:20:00,ETHUSDT,2099677.3910000000000000,4387275908.4945000000000000,1.70117761,1.25836200,1.60397796,0.95259000
2026-03-14 01:25:00,ETHUSDT,2100716.0730000000000000,4394726131.9609420000000000,1.70025418,1.25977500,1.60485192,1.27532300
2026-03-14 01:30:00,ETHUSDT,2102014.9960000000000000,4396658646.2334400000000000,1.70313399,1.26236500,1.60750376,0.44933100
2026-03-14 01:35:00,ETHUSDT,2105586.9600000000000000,4395497002.4784000000000000,1.70761581,1.26030500,1.61125639,0.41491800
2026-03-14 01:40:00,ETHUSDT,2107999.5850000000000000,4400088845.5075890000000000,1.70718835,1.26965000,1.60823069,0.54538400
2026-03-14 01:45:00,ETHUSDT,2110566.9380000000000000,4409501975.2165000000000000,1.70875788,1.26566400,1.61049143,1.11681200
2026-03-14 01:50:00,ETHUSDT,2109228.0870000000000000,4413707418.0135900000000000,1.70761775,1.26828900,1.61007781,0.88161600
2026-03-14 01:55:00,ETHUSDT,2110401.2910000000000000,4417935166.5923100000000000,1.70520458,1.26944000,1.60925516,0.90006700
2026-03-14 02:00:00,ETHUSDT,2109978.4200000000000000,4413357461.9772000000000000,1.70593215,1.26964600,1.61089043,1.69277600
2026-03-14 02:05:00,ETHUSDT,2110278.4290000000000000,4414301520.5664900000000000,1.70654573,1.27120900,1.61208278,0.41534800
2026-03-14 02:10:00,ETHUSDT,2110869.9660000000000000,4419107304.7065650000000000,1.70599081,1.26573600,1.61336198,1.99229300
2026-03-14 02:15:00,ETHUSDT,2113072.7740000000000000,4422365485.7936400000000000,1.70848452,1.26495300,1.61634115,1.53477700
2026-03-14 02:20:00,ETHUSDT,2113024.2400000000000000,4421846482.1637090000000000,1.70973788,1.26470900,1.61794303,0.85948700
2026-03-14 02:25:00,ETHUSDT,2112375.8400000000000000,4416070214.8343000000000000,1.71068707,1.26417200,1.61795204,0.66327400
2026-03-14 02:30:00,ETHUSDT,2112812.2640000000000000,4415318277.2381250000000000,1.67166565,1.26613700,1.61700242,0.54470900
2026-03-14 02:35:00,ETHUSDT,2112355.8610000000000000,4419048461.2120000000000000,1.66910590,1.26705100,1.61374545,1.15819500
2026-03-14 02:40:00,ETHUSDT,2112080.1020000000000000,4415233852.8204790000000000,1.67186001,1.26702500,1.61718550,0.73482200
2026-03-14 02:45:00,ETHUSDT,2111966.9160000000000000,4415932744.3335600000000000,1.67177103,1.26804100,1.61768313,0.93548500
2026-03-14 02:50:00,ETHUSDT,2111792.2810000000000000,4417320385.8589400000000000,1.67192585,1.26896400,1.61713974,1.48206100
2026-03-14 02:55:00,ETHUSDT,2112233.6540000000000000,4417989791.2092750000000000,1.67288362,1.27021800,1.61941099,1.93788800
2026-03-14 03:00:00,ETHUSDT,2112298.9440000000000000,4417302920.6611200000000000,1.67638162,1.27057000,1.62338858,1.13793300
2026-03-14 03:05:00,ETHUSDT,2111709.5140000000000000,4419457305.3229540000000000,1.67863173,1.27023100,1.62629055,0.74261800
2026-03-14 03:10:00,ETHUSDT,2108878.6450000000000000,4423394046.6739500000000000,1.68550225,1.27088400,1.63479930,2.21030300
2026-03-14 03:15:00,ETHUSDT,2109217.6450000000000000,4422839571.9769500000000000,1.69074155,1.26810000,1.63937970,1.36802000
2026-03-14 03:20:00,ETHUSDT,2111342.5460000000000000,4426737936.4265250000000000,1.70293945,1.26601100,1.64990429,1.36138500
2026-03-14 03:25:00,ETHUSDT,2111101.9510000000000000,4424783739.6222710000000000,1.69877043,1.26350100,1.64722701,0.80099200
2026-03-14 03:30:00,ETHUSDT,2111365.7010000000000000,4428737353.4465700000000000,1.70162095,1.26391600,1.65128302,1.21674500
2026-03-14 03:35:00,ETHUSDT,2111548.7310000000000000,4436197824.4384130000000000,1.71348829,1.26656400,1.66543454,1.69483800
2026-03-14 03:40:00,ETHUSDT,2110418.2620000000000000,4433101588.9547480000000000,1.71459373,1.26734000,1.66585709,1.59776800
2026-03-14 03:45:00,ETHUSDT,2111089.7280000000000000,4433921755.7184000000000000,1.71932574,1.26494600,1.67179790,1.66093400
2026-03-14 03:50:00,ETHUSDT,2110110.4430000000000000,4430092470.6607800000000000,1.71801690,1.26489700,1.66999219,0.98957400
2026-03-14 03:55:00,ETHUSDT,2110209.8490000000000000,4431440682.9000000000000000,1.71685858,1.26385900,1.66966655,0.77748500
2026-03-14 04:00:00,ETHUSDT,2110681.5580000000000000,4432502609.5651040000000000,1.71501888,1.26369700,1.66744009,1.39299200
2026-03-14 04:05:00,ETHUSDT,2110819.8290000000000000,4437369322.5430980000000000,1.71823188,1.26375200,1.67060939,1.25489500
2026-03-14 04:10:00,ETHUSDT,2110681.3820000000000000,4439628325.7126200000000000,1.72026880,1.26256300,1.67452732,1.36451600
2026-03-14 04:15:00,ETHUSDT,2111270.5040000000000000,4439347376.0557600000000000,1.72589072,1.26318400,1.67948140,1.30521400
2026-03-14 04:20:00,ETHUSDT,2111775.7450000000000000,4438064917.1389880000000000,1.72713046,1.26609000,1.68143204,0.68785600
2026-03-14 04:25:00,ETHUSDT,2111717.8420000000000000,4435768913.0131000000000000,1.72526986,1.26685100,1.68017176,0.67059900
2026-03-14 04:30:00,ETHUSDT,2112827.0840000000000000,4441639357.9691515000000000,1.72590539,1.26602000,1.68050267,1.18741000
2026-03-14 04:35:00,ETHUSDT,2113359.6560000000000000,4443446638.2886340000000000,1.71838641,1.26529500,1.67460838,1.13838700
2026-03-14 04:40:00,ETHUSDT,2114310.0750000000000000,4448508397.8000000000000000,1.72531582,1.26767300,1.68254683,2.05804700
2026-03-14 04:45:00,ETHUSDT,2114195.2050000000000000,4445277812.9235735000000000,1.72932575,1.26810700,1.68706681,0.78669700
2026-03-14 04:50:00,ETHUSDT,2114856.6610000000000000,4448749026.3797700000000000,1.73056735,1.26964600,1.68775443,1.61435000
2026-03-14 04:55:00,ETHUSDT,2097462.1150000000000000,4382416368.4598500000000000,1.75139274,1.24285500,1.70508048,0.48052400
2026-03-14 05:00:00,ETHUSDT,2095929.4150000000000000,4379025326.7595000000000000,1.75881843,1.24409700,1.70713586,1.20313900
2026-03-14 05:05:00,ETHUSDT,2094555.2310000000000000,4377558732.7225210000000000,1.76430493,1.25062900,1.71274196,0.84505300
2026-03-14 05:10:00,ETHUSDT,2093387.4660000000000000,4378675761.0082200000000000,1.76767767,1.24972300,1.71258237,0.80933600
2026-03-14 05:15:00,ETHUSDT,2090647.7120000000000000,4373091445.0988800000000000,1.76933862,1.24853200,1.71465932,0.47230000
2026-03-14 05:20:00,ETHUSDT,2090318.1860000000000000,4370846625.3703580000000000,1.76919865,1.24865500,1.71297215,1.24211500
2026-03-14 05:25:00,ETHUSDT,2088485.6290000000000000,4370301352.7228030000000000,1.76912072,1.24882200,1.71401218,0.73862400
2026-03-14 05:30:00,ETHUSDT,2088172.8140000000000000,4367183741.4714600000000000,1.77221609,1.24865800,1.71691772,0.51429900
2026-03-14 05:35:00,ETHUSDT,2084930.5640000000000000,4350520361.3706000000000000,1.77144988,1.24434100,1.71320190,0.52302900
2026-03-14 05:40:00,ETHUSDT,2083997.8030000000000000,4354333442.4246650000000000,1.77041501,1.24565200,1.71133267,0.65028700
2026-03-14 05:45:00,ETHUSDT,2084378.2620000000000000,4354581625.2213680000000000,1.76968017,1.24575100,1.70992738,0.74237100
2026-03-14 05:50:00,ETHUSDT,2084337.7760000000000000,4355195248.5345940000000000,1.77831022,1.24547300,1.71432054,1.01169500
2026-03-14 05:55:00,ETHUSDT,2084234.7490000000000000,4356887276.0050150000000000,1.77615200,1.24433900,1.71211884,1.20410800
2026-03-14 06:00:00,ETHUSDT,2084847.0630000000000000,4360085414.3442890000000000,1.77333293,1.24485700,1.71225160,1.16684700
2026-03-14 06:05:00,ETHUSDT,2084144.6400000000000000,4350518162.9879290000000000,1.77312506,1.24216500,1.71067806,0.50771000
2026-03-14 06:10:00,ETHUSDT,2084346.9530000000000000,4352887646.2366100000000000,1.77234996,1.24256900,1.70889436,1.09087700
2026-03-14 06:15:00,ETHUSDT,2084427.1050000000000000,4351987127.9433140000000000,1.77134074,1.24233500,1.70722532,0.85829300
2026-03-14 06:20:00,ETHUSDT,2083360.8780000000000000,4340688671.6877280000000000,1.77335723,1.24358100,1.70511131,0.57342700
2026-03-14 06:25:00,ETHUSDT,2083052.4350000000000000,4338248323.2284000000000000,1.77572299,1.24371100,1.70545940,0.89404200
2026-03-14 06:30:00,ETHUSDT,2081371.8520000000000000,4337578939.5680000000000000,1.77547057,1.24577500,1.70265545,0.78361700
2026-03-14 06:35:00,ETHUSDT,2079998.8240000000000000,4324359155.0724800000000000,1.78103831,1.25177600,1.70259353,0.49141400
2026-03-14 06:40:00,ETHUSDT,2076842.2030000000000000,4307257114.4762430000000000,1.79292504,1.25694300,1.69934504,0.58241000
2026-03-14 06:45:00,ETHUSDT,2073132.7900000000000000,4300299346.2970000000000000,1.80008474,1.26630700,1.70500902,0.85961100
2026-03-14 06:50:00,ETHUSDT,2073956.3750000000000000,4308333275.6062500000000000,1.80125542,1.26908100,1.70921625,2.01120100
2026-03-14 06:55:00,ETHUSDT,2074403.9530000000000000,4307467293.3256910000000000,1.80732914,1.27001800,1.71420046,0.71022000
2026-03-14 07:00:00,ETHUSDT,2073916.6650000000000000,4307791017.6181990000000000,1.80822001,1.26940700,1.71499237,1.41303400
2026-03-14 07:05:00,ETHUSDT,2074598.7700000000000000,4309937452.6996000000000000,1.81103654,1.27035500,1.71730246,1.35468400
2026-03-14 07:10:00,ETHUSDT,2077071.6650000000000000,4316030295.5701000000000000,1.80733556,1.27015300,1.71392817,0.71107900
2026-03-14 07:15:00,ETHUSDT,2075857.7530000000000000,4313845290.7561550000000000,1.81369630,1.27402200,1.72040466,0.96383200
2026-03-14 07:20:00,ETHUSDT,2075868.8620000000000000,4311745695.8829600000000000,1.81450658,1.27353500,1.72098484,0.76616000
2026-03-14 07:25:00,ETHUSDT,2076142.1870000000000000,4308991586.2747600000000000,1.81049854,1.27238800,1.71686894,0.30889000
2026-03-14 07:30:00,ETHUSDT,2075814.0980000000000000,4314911732.9486800000000000,1.81274090,1.27191300,1.71995380,1.53423000
2026-03-14 07:35:00,ETHUSDT,2075525.9920000000000000,4313897753.3323200000000000,1.81478670,1.27181100,1.72342997,1.39780100
2026-03-14 07:40:00,ETHUSDT,2074609.6810000000000000,4310219655.3731690000000000,1.81359995,1.27089600,1.72195583,0.61248900
2026-03-14 07:45:00,ETHUSDT,2075037.8730000000000000,4311671298.8877360000000000,1.81257961,1.26917700,1.72062371,1.05345800
2026-03-14 07:50:00,ETHUSDT,2075419.9900000000000000,4311634446.9022160000000000,1.81420682,1.26915700,1.72103589,0.37694500
2026-03-14 07:55:00,ETHUSDT,2075928.5710000000000000,4309004934.8247000000000000,1.81794436,1.26821000,1.72396671,0.54321200
2026-03-14 08:00:00,ETHUSDT,2075670.6780000000000000,4310051965.3575500000000000,1.81821218,1.26887600,1.72402705,0.73615400
2026-03-14 08:05:00,ETHUSDT,2075002.0490000000000000,4308638004.6460500000000000,1.81876856,1.26928700,1.72249730,1.29448800
2026-03-14 08:10:00,ETHUSDT,2074107.5850000000000000,4310514088.5262500000000000,1.82054857,1.27222700,1.72599417,1.10082600
2026-03-14 08:15:00,ETHUSDT,2073686.3340000000000000,4312149102.2590950000000000,1.82528310,1.27072900,1.73263257,1.10394800
2026-03-14 08:20:00,ETHUSDT,2074400.3110000000000000,4306973645.7137500000000000,1.82920378,1.27126500,1.73632303,0.63127300
2026-03-14 08:25:00,ETHUSDT,2074986.8920000000000000,4310462181.4037370000000000,1.82965981,1.27085100,1.73679141,0.85572800
2026-03-14 08:30:00,ETHUSDT,2074682.3300000000000000,4311667058.6759000000000000,1.82913412,1.26948600,1.73755450,1.31695200
2026-03-14 08:35:00,ETHUSDT,2074514.6870000000000000,4310302145.7673800000000000,1.82948398,1.26874600,1.73745559,0.65761800
2026-03-14 08:40:00,ETHUSDT,2074535.8150000000000000,4303369508.9749660000000000,1.82709599,1.26646500,1.73464498,0.41777300
2026-03-14 08:45:00,ETHUSDT,2074061.2070000000000000,4299321475.9903000000000000,1.82377584,1.26479800,1.72861532,1.18416900
2026-03-14 08:50:00,ETHUSDT,2074785.2500000000000000,4298893968.5427260000000000,1.82184135,1.26549100,1.72589416,0.67545400
2026-03-14 08:55:00,ETHUSDT,2077836.7280000000000000,4308600290.2115060000000000,1.82052370,1.26689400,1.72415354,1.16306700
2026-03-14 09:00:00,ETHUSDT,2079163.1550000000000000,4310755933.9076650000000000,1.82076072,1.26895700,1.72347569,1.59462100
2026-03-14 09:05:00,ETHUSDT,2079725.2090000000000000,4316275844.6335270000000000,1.82713162,1.26685800,1.73029378,1.60544500
2026-03-14 09:10:00,ETHUSDT,2079635.0250000000000000,4317509479.0522500000000000,1.83162474,1.26801600,1.73384986,1.48308500
2026-03-14 09:15:00,ETHUSDT,2079179.6680000000000000,4316626492.3281600000000000,1.83782219,1.26682600,1.73932341,0.52681600
2026-03-14 09:20:00,ETHUSDT,2079253.8570000000000000,4314247168.7304340000000000,1.83634703,1.26754200,1.73762108,0.69583200
2026-03-14 09:25:00,ETHUSDT,2079227.9560000000000000,4313711863.4745200000000000,1.83565604,1.26782300,1.73738836,0.91684500
2026-03-14 09:30:00,ETHUSDT,2078981.7870000000000000,4314656431.2861900000000000,1.84051119,1.26802200,1.74152394,0.95703200
2026-03-14 09:35:00,ETHUSDT,2080099.3130000000000000,4313273134.4436700000000000,1.84277997,1.27036600,1.74249415,0.53441400
2026-03-14 09:40:00,ETHUSDT,2084842.3210000000000000,4322503584.1293000000000000,1.84480494,1.27395300,1.74435078,0.56555600
2026-03-14 09:45:00,ETHUSDT,2084660.9240000000000000,4323734210.8639100000000000,1.84509840,1.27413000,1.74411652,1.37123000
2026-03-14 09:50:00,ETHUSDT,2077192.5290000000000000,4290220567.5832720000000000,1.85228464,1.27247400,1.74224680,0.61709000
2026-03-14 09:55:00,ETHUSDT,2077665.9250000000000000,4293867811.4400935000000000,1.85397207,1.27476900,1.74355003,1.65016500
2026-03-14 10:00:00,ETHUSDT,2077925.5740000000000000,4293846797.4638762000000000,1.85587836,1.27329500,1.74365647,0.68353300
2026-03-14 10:05:00,ETHUSDT,2079400.7910000000000000,4298422867.5141200000000000,1.85453817,1.27596000,1.74272722,1.04251700
2026-03-14 10:10:00,ETHUSDT,2080067.5360000000000000,4298644323.0836180000000000,1.85578701,1.27307500,1.74477054,1.02934500
2026-03-14 10:15:00,ETHUSDT,2080028.2100000000000000,4299211790.6835180000000000,1.85649603,1.27219600,1.74519577,0.57093400
2026-03-14 10:20:00,ETHUSDT,2079804.3380000000000000,4294858352.1001400000000000,1.85476923,1.27230800,1.74232763,0.68694400
2026-03-14 10:25:00,ETHUSDT,2080607.6990000000000000,4295685073.5863700000000000,1.85321693,1.27259700,1.73964601,1.01681700
2026-03-14 10:30:00,ETHUSDT,2081099.5350000000000000,4296429990.0075000000000000,1.85074168,1.27234100,1.73788308,0.95897200
2026-03-14 10:35:00,ETHUSDT,2076997.1580000000000000,4285322846.3003400000000000,1.85132972,1.26547800,1.73370877,0.55101100
2026-03-14 10:40:00,ETHUSDT,2075564.9200000000000000,4281994208.2060000000000000,1.85266139,1.26161000,1.73663214,0.76985700
2026-03-14 10:45:00,ETHUSDT,2076013.4980000000000000,4286186281.6706210000000000,1.85938609,1.26270500,1.74190610,2.15127500
2026-03-14 10:50:00,ETHUSDT,2076214.4060000000000000,4284662907.5181400000000000,1.86267910,1.26444500,1.74422925,0.85009300
2026-03-14 10:55:00,ETHUSDT,2075866.9150000000000000,4287703112.9325000000000000,1.86673260,1.26940700,1.75080253,2.14272600
2026-03-14 11:00:00,ETHUSDT,2075910.2430000000000000,4287055304.7545023000000000,1.87500000,1.26968500,1.75919244,1.16846000
2026-03-14 11:05:00,ETHUSDT,2076887.2880000000000000,4295496148.1607010000000000,1.88644848,1.27118100,1.77444633,1.88427500
2026-03-14 11:10:00,ETHUSDT,2075546.9190000000000000,4294718193.3720393000000000,1.89988741,1.27340500,1.79049484,1.29892000
2026-03-14 11:15:00,ETHUSDT,2075286.3440000000000000,4294078738.6876000000000000,1.90783656,1.27319300,1.79671506,1.65351600
2026-03-14 11:20:00,ETHUSDT,2075829.6250000000000000,4294447524.0503983000000000,1.91287284,1.27242700,1.80233949,1.01934500
2026-03-14 11:25:00,ETHUSDT,2075752.7500000000000000,4295954945.4894060000000000,1.91504336,1.27118800,1.80338172,1.28638900
2026-03-14 11:30:00,ETHUSDT,2076734.1000000000000000,4303844290.7930480000000000,1.92992502,1.27430800,1.82270909,1.85995700
2026-03-14 11:35:00,ETHUSDT,2077379.0170000000000000,4306158672.8461830000000000,1.92835472,1.27308100,1.82223982,1.66118300
2026-03-14 11:40:00,ETHUSDT,2077946.2210000000000000,4309785139.1272600000000000,1.93204621,1.27403800,1.82711932,2.41637100
2026-03-14 11:45:00,ETHUSDT,2076861.0640000000000000,4307866756.1700800000000000,1.93792250,1.27307400,1.83669738,1.65725500
2026-03-14 11:50:00,ETHUSDT,2076812.4170000000000000,4309107214.8240780000000000,1.94278813,1.26979500,1.84231899,0.82416200
2026-03-14 11:55:00,ETHUSDT,2075232.4470000000000000,4302683193.9874500000000000,1.94109611,1.26781600,1.83929186,0.82799500
2026-03-14 12:00:00,ETHUSDT,2077566.4900000000000000,4306068185.4985000000000000,1.89581901,1.25934200,1.80682468,0.47264800
2026-03-14 12:05:00,ETHUSDT,2078795.2990000000000000,4313479457.4720100000000000,1.89852941,1.26238100,1.81332784,1.84501000
2026-03-14 12:10:00,ETHUSDT,2079471.7260000000000000,4315465288.8160200000000000,1.90238632,1.26153700,1.82122634,1.01890600
2026-03-14 12:15:00,ETHUSDT,2080393.6810000000000000,4316469397.8172650000000000,1.89945899,1.26000800,1.81951351,0.75540700
2026-03-14 12:20:00,ETHUSDT,2080511.5830000000000000,4315694687.0076685000000000,1.89800256,1.25983200,1.81805301,0.56641200
2026-03-14 12:25:00,ETHUSDT,2080100.9320000000000000,4317041474.2728000000000000,1.89958408,1.25929300,1.81877522,0.96652400
2026-03-14 12:30:00,ETHUSDT,2079840.6190000000000000,4312853418.7429960000000000,1.89925291,1.25801900,1.81868851,0.47971100
2026-03-14 12:35:00,ETHUSDT,2080611.0980000000000000,4310818133.9462000000000000,1.89534811,1.25803100,1.81246759,0.37162600
2026-03-14 12:40:00,ETHUSDT,2080225.8580000000000000,4305505865.0783400000000000,1.88594363,1.25419900,1.79920679,0.78859700
2026-03-14 12:45:00,ETHUSDT,2080721.3040000000000000,4308256303.1376930000000000,1.88252291,1.25659600,1.79566838,1.52067600
2026-03-14 12:50:00,ETHUSDT,2082410.1870000000000000,4317074422.7016090000000000,1.88147435,1.25944000,1.79531987,3.15838900
2026-03-14 12:55:00,ETHUSDT,2083612.1750000000000000,4323578607.6120000000000000,1.88537943,1.25922400,1.79965185,1.26110900
2026-03-14 13:00:00,ETHUSDT,2084861.4010000000000000,4324669701.3223200000000000,1.88373971,1.26058900,1.79860507,0.96016900
2026-03-14 13:05:00,ETHUSDT,2085080.1300000000000000,4322767274.7147000000000000,1.87715277,1.25965300,1.79151925,0.72850900
2026-03-14 13:10:00,ETHUSDT,2085534.0280000000000000,4323416316.7454000000000000,1.87890250,1.25885700,1.79450477,0.46381700
2026-03-14 13:15:00,ETHUSDT,2085797.8720000000000000,4324862661.6600600000000000,1.87644417,1.25914000,1.79186057,1.92589500
2026-03-14 13:20:00,ETHUSDT,2084713.6660000000000000,4331576360.9414800000000000,1.88470383,1.25961500,1.80592099,1.65216400
2026-03-14 13:25:00,ETHUSDT,2085341.7050000000000000,4334007695.6469780000000000,1.89139778,1.25912900,1.81281210,1.24994600
2026-03-14 13:30:00,ETHUSDT,2085787.7270000000000000,4333724591.8969800000000000,1.89538327,1.25895300,1.81883954,1.40639800
2026-03-14 13:35:00,ETHUSDT,2085631.2790000000000000,4333580595.5190330000000000,1.89641732,1.25756200,1.82135454,0.69251500
2026-03-14 13:40:00,ETHUSDT,2085678.4300000000000000,4333938500.8748010000000000,1.89695930,1.25862000,1.82023214,1.00775300
2026-03-14 13:45:00,ETHUSDT,2085526.5630000000000000,4333801750.4090480000000000,1.89766456,1.25863000,1.82081214,0.75068300
2026-03-14 13:50:00,ETHUSDT,2086314.3070000000000000,4331772216.5034400000000000,1.89352961,1.25819200,1.81622729,0.32138000
2026-03-14 13:55:00,ETHUSDT,2085835.9720000000000000,4334271734.9389880000000000,1.89065705,1.25766800,1.81347371,1.38470100
2026-03-14 14:00:00,ETHUSDT,2086169.0330000000000000,4334097866.2572440000000000,1.89224312,1.25796200,1.81620054,1.24409300
2026-03-14 14:05:00,ETHUSDT,2086627.5440000000000000,4338241476.6462380000000000,1.89125773,1.25852200,1.81558405,1.24418000
2026-03-14 14:10:00,ETHUSDT,2087570.0230000000000000,4331156905.8029020000000000,1.89715318,1.25857700,1.82010827,0.48215800
2026-03-14 14:15:00,ETHUSDT,2087355.2750000000000000,4327191852.8387500000000000,1.89420890,1.25586500,1.81371120,0.66846400
2026-03-14 14:20:00,ETHUSDT,2087889.0340000000000000,4329052923.6943390000000000,1.89188937,1.25364300,1.81025887,1.55162800
2026-03-14 14:25:00,ETHUSDT,2087835.7160000000000000,4331656260.2673300000000000,1.89215503,1.25339700,1.81000000,1.53939800
2026-03-14 14:30:00,ETHUSDT,2087807.2000000000000000,4335248138.5120000000000000,1.87900983,1.25351900,1.80256003,1.93667900
2026-03-14 14:35:00,ETHUSDT,2087519.2760000000000000,4332012056.0393310000000000,1.87943131,1.25433100,1.80416814,0.63759700
2026-03-14 14:40:00,ETHUSDT,2087237.1880000000000000,4328345501.4993600000000000,1.87940677,1.25354800,1.80335334,0.40694700
2026-03-14 14:45:00,ETHUSDT,2085178.6360000000000000,4315187492.2003830000000000,1.87967948,1.25354700,1.79896898,0.65216300
2026-03-14 14:50:00,ETHUSDT,2086108.4790000000000000,4320085129.9016540000000000,1.88007033,1.25415600,1.79932799,1.07264400
2026-03-14 14:55:00,ETHUSDT,2086379.7470000000000000,4322999699.5814700000000000,1.87994446,1.25401600,1.79869502,2.11265000
2026-03-14 15:00:00,ETHUSDT,2086252.4560000000000000,4318353317.1569770000000000,1.88189706,1.25335700,1.79942321,0.39770400
2026-03-14 15:05:00,ETHUSDT,2085670.2180000000000000,4321389824.6575180000000000,1.87907307,1.25253700,1.79606534,1.12437200
2026-03-14 15:10:00,ETHUSDT,2085340.3310000000000000,4322507097.8892510000000000,1.88354109,1.25340500,1.80157458,1.89490000
2026-03-14 15:15:00,ETHUSDT,2085199.6860000000000000,4323536436.9398400000000000,1.87869247,1.25755600,1.79828711,1.80663600
2026-03-14 15:20:00,ETHUSDT,2084792.1220000000000000,4328027507.9286140000000000,1.87641524,1.25914000,1.79863139,1.61082400
2026-03-14 15:25:00,ETHUSDT,2086381.9860000000000000,4329078755.3821740000000000,1.87783127,1.25557500,1.79875851,0.46321500
2026-03-14 15:30:00,ETHUSDT,2086836.7020000000000000,4330311366.8521200000000000,1.87758754,1.25492600,1.79814063,0.88015100
2026-03-14 15:35:00,ETHUSDT,2088034.0450000000000000,4326845028.3894500000000000,1.87904421,1.25442800,1.79754019,0.69421300
2026-03-14 15:40:00,ETHUSDT,2088406.1650000000000000,4329767132.7631240000000000,1.88000247,1.25512600,1.79727380,2.18310900
2026-03-14 15:45:00,ETHUSDT,2088610.7460000000000000,4328845597.7067290000000000,1.87834460,1.25456400,1.79607169,1.13429000
2026-03-14 15:50:00,ETHUSDT,2088301.7070000000000000,4328589996.0511220000000000,1.87712531,1.25470400,1.79442515,1.36776000
2026-03-14 15:55:00,ETHUSDT,2088372.1500000000000000,4330615560.0120000000000000,1.87711341,1.25464100,1.79517100,1.34931700
2026-03-14 16:00:00,ETHUSDT,2088201.0420000000000000,4330213906.0262390000000000,1.87564383,1.25453500,1.79504457,1.23946900
2026-03-14 16:05:00,ETHUSDT,2087131.6530000000000000,4323994130.7862200000000000,1.87421403,1.25664900,1.79279216,1.23299300
2026-03-14 16:10:00,ETHUSDT,2079090.1190000000000000,4311388388.8691100000000000,1.88590812,1.25049700,1.80172839,0.60280300
2026-03-14 16:15:00,ETHUSDT,2079175.4030000000000000,4308728777.9047020000000000,1.88589482,1.25045500,1.80072821,1.04108100
2026-03-14 16:20:00,ETHUSDT,2078651.5130000000000000,4311097327.3214520000000000,1.88874419,1.25165100,1.80278443,2.92656700
2026-03-14 16:25:00,ETHUSDT,2078385.6530000000000000,4309179325.9344900000000000,1.88896468,1.25116900,1.80342497,0.79978600
2026-03-14 16:30:00,ETHUSDT,2078652.8870000000000000,4311774305.0644010000000000,1.89049081,1.25119900,1.80661748,1.77246100
2026-03-14 16:35:00,ETHUSDT,2078244.9560000000000000,4313429304.8273110000000000,1.89225662,1.25070800,1.80951877,1.24500200
2026-03-14 16:40:00,ETHUSDT,2078137.4310000000000000,4311076833.5323730000000000,1.89280730,1.24938600,1.81016071,0.99820600
2026-03-14 16:45:00,ETHUSDT,2078303.8410000000000000,4311295836.8856300000000000,1.89291031,1.24905000,1.81015558,1.02949200
2026-03-14 16:50:00,ETHUSDT,2078305.0740000000000000,4314270370.9136400000000000,1.89365266,1.24769200,1.81046086,1.54808600
2026-03-14 16:55:00,ETHUSDT,2078511.7450000000000000,4317564708.0439230000000000,1.89344542,1.24714900,1.81263221,1.48196300
2026-03-14 17:00:00,ETHUSDT,2078640.7790000000000000,4315989600.3762760000000000,1.89326923,1.24708300,1.81255068,0.83503900
2026-03-14 17:05:00,ETHUSDT,2078318.6460000000000000,4313280168.3490200000000000,1.89422242,1.24564700,1.81306961,1.78507700
2026-03-14 17:10:00,ETHUSDT,2078387.4820000000000000,4315168874.0032200000000000,1.89040374,1.24674300,1.81008134,1.24769600
2026-03-14 17:15:00,ETHUSDT,2079233.0500000000000000,4317028412.3930000000000000,1.89142025,1.24775500,1.81165343,0.58396700
2026-03-14 17:20:00,ETHUSDT,2079024.2760000000000000,4314765401.9248800000000000,1.89241978,1.24638000,1.81175166,0.52304500
2026-03-14 17:25:00,ETHUSDT,2078913.0620000000000000,4314809538.9444940000000000,1.89205109,1.24639800,1.81072566,1.14756700
2026-03-14 17:30:00,ETHUSDT,2080133.0390000000000000,4320124302.0471500000000000,1.88868585,1.24736800,1.80679182,2.53095200
2026-03-14 17:35:00,ETHUSDT,2079914.1610000000000000,4314906721.8441600000000000,1.88963957,1.24743600,1.80744544,0.39405100
2026-03-14 17:40:00,ETHUSDT,2080039.3350000000000000,4316768033.1055500000000000,1.88806640,1.24713200,1.80637677,0.77716900
2026-03-14 17:45:00,ETHUSDT,2080176.1880000000000000,4316781625.3376000000000000,1.88588672,1.24717900,1.80464838,0.85511000
2026-03-14 17:50:00,ETHUSDT,2079400.0050000000000000,4312709702.8608720000000000,1.88512719,1.24575300,1.80385061,0.81496400
2026-03-14 17:55:00,ETHUSDT,2078788.7180000000000000,4307948841.7423370000000000,1.88332302,1.24471700,1.80096567,0.46912500
2026-03-14 18:00:00,ETHUSDT,2079029.1820000000000000,4311899029.2954590000000000,1.88267137,1.24426500,1.80038960,1.83951300
2026-03-14 18:05:00,ETHUSDT,2078983.9340000000000000,4310107912.2901200000000000,1.88183814,1.24458800,1.80017192,1.13851400
2026-03-14 18:10:00,ETHUSDT,2078552.9470000000000000,4310128961.9581400000000000,1.88197816,1.24467100,1.79985618,1.14963600
2026-03-14 18:15:00,ETHUSDT,2078708.4780000000000000,4308052499.5352570000000000,1.88362376,1.24467800,1.80100009,1.02528900
2026-03-14 18:20:00,ETHUSDT,2078689.7370000000000000,4307748586.2247850000000000,1.88324150,1.24548100,1.79959649,1.47232400
2026-03-14 18:25:00,ETHUSDT,2078585.4650000000000000,4308699810.3985000000000000,1.88347471,1.24538900,1.79990524,1.09908800
2026-03-14 18:30:00,ETHUSDT,2078731.4130000000000000,4309002346.0077000000000000,1.88517888,1.24586500,1.80248257,0.78541800
2026-03-14 18:35:00,ETHUSDT,2078271.5120000000000000,4314138352.7549600000000000,1.88619952,1.24609800,1.80373109,3.14013200
2026-03-14 18:40:00,ETHUSDT,2078468.3720000000000000,4311373807.8280590000000000,1.88743837,1.24699800,1.80504736,0.36453500
2026-03-14 18:45:00,ETHUSDT,2078489.5390000000000000,4312264492.0132890000000000,1.88693226,1.24653000,1.80479019,1.63429500
2026-03-14 18:50:00,ETHUSDT,2078555.1830000000000000,4314851918.8378700000000000,1.88772409,1.24677800,1.80508207,2.42625200
2026-03-14 18:55:00,ETHUSDT,2078504.2190000000000000,4313647255.0590550000000000,1.88732787,1.24671600,1.80507477,1.06125600
2026-03-14 19:00:00,ETHUSDT,2078528.9070000000000000,4314516191.2947230000000000,1.88502185,1.24709500,1.80362978,1.45294000
2026-03-14 19:05:00,ETHUSDT,2078809.9000000000000000,4313405813.9060000000000000,1.88510876,1.24517400,1.80420956,0.42342000
2026-03-14 19:10:00,ETHUSDT,2078895.1260000000000000,4313250029.5222800000000000,1.88496809,1.24608300,1.80370598,1.54977800
2026-03-14 19:15:00,ETHUSDT,2078713.5310000000000000,4315784683.4656570000000000,1.88501936,1.24588800,1.80388541,1.51387500
2026-03-14 19:20:00,ETHUSDT,2078355.4990000000000000,4314208777.7142200000000000,1.88495383,1.24606600,1.80457892,0.94560400
2026-03-14 19:25:00,ETHUSDT,2078444.2710000000000000,4315032091.3017700000000000,1.88542474,1.24566000,1.80462436,1.17858500
2026-03-14 19:30:00,ETHUSDT,2078678.9700000000000000,4315800442.5735350000000000,1.88556551,1.24554400,1.80479663,0.69458500
2026-03-14 19:35:00,ETHUSDT,2078678.2130000000000000,4315553506.2742570000000000,1.88599864,1.24519100,1.80537054,0.73477700
2026-03-14 19:40:00,ETHUSDT,2078874.1670000000000000,4316636734.9384230000000000,1.88551771,1.24446500,1.80534472,0.99874500
2026-03-14 19:45:00,ETHUSDT,2079275.1710000000000000,4319628823.7024370000000000,1.88396729,1.24425900,1.80518910,2.28510100
2026-03-14 19:50:00,ETHUSDT,2079155.5890000000000000,4320199826.0444860000000000,1.88467257,1.24408500,1.80746303,1.59268800
2026-03-14 19:55:00,ETHUSDT,2079439.2300000000000000,4317614952.1722560000000000,1.88734185,1.24228000,1.80914674,0.65147100
2026-03-14 20:00:00,ETHUSDT,2079285.6940000000000000,4317137715.0244400000000000,1.88955474,1.24110400,1.81010898,1.13667900
2026-03-14 20:05:00,ETHUSDT,2079130.5010000000000000,4315072321.0339510000000000,1.88932328,1.24098700,1.80866858,0.85559900
2026-03-14 20:10:00,ETHUSDT,2079277.1310000000000000,4317390242.0370900000000000,1.88729076,1.24058300,1.80811296,1.42998500
2026-03-14 20:15:00,ETHUSDT,2079085.2720000000000000,4318114573.9749600000000000,1.88749031,1.24025700,1.80850465,1.14321500
2026-03-14 20:20:00,ETHUSDT,2078662.3060000000000000,4319749159.2625660000000000,1.88549382,1.23963700,1.80792629,1.51172000
2026-03-14 20:25:00,ETHUSDT,2079218.7340000000000000,4321736390.0165540000000000,1.88655384,1.23819100,1.81042129,0.71395500
2026-03-14 20:30:00,ETHUSDT,2079553.4310000000000000,4321686349.2355800000000000,1.88606928,1.23685300,1.81106477,0.65044200
2026-03-14 20:35:00,ETHUSDT,2079419.1390000000000000,4321947915.2631600000000000,1.88525758,1.23650700,1.80997696,0.96384600
2026-03-14 20:40:00,ETHUSDT,2079609.5820000000000000,4323440354.8241070000000000,1.88695329,1.23691300,1.81139247,1.34127200
2026-03-14 20:45:00,ETHUSDT,2076826.3180000000000000,4326388607.9402060000000000,1.89060798,1.23663600,1.82714138,2.90365900
2026-03-14 20:50:00,ETHUSDT,2072886.3660000000000000,4322650261.6299020000000000,1.89432925,1.23180300,1.83760362,1.53138100
2026-03-14 20:55:00,ETHUSDT,2073726.3120000000000000,4323282013.2583060000000000,1.89709053,1.23109200,1.83929371,0.90149000
2026-03-14 21:00:00,ETHUSDT,2073464.0080000000000000,4322588238.1038800000000000,1.89671009,1.23019400,1.83932025,2.06925600
2026-03-14 21:05:00,ETHUSDT,2074186.7400000000000000,4322310147.6107025000000000,1.88889236,1.23079400,1.83352709,0.80406200
2026-03-14 21:10:00,ETHUSDT,2073913.7400000000000000,4319344374.5103770000000000,1.88740214,1.22905100,1.83107299,0.40865900
2026-03-14 21:15:00,ETHUSDT,2073840.7250000000000000,4317614290.0656900000000000,1.88606964,1.22796100,1.82861885,1.66831000
2026-03-14 21:20:00,ETHUSDT,2075964.1730000000000000,4323401586.6180420000000000,1.88794985,1.22147000,1.83199357,0.69053100
2026-03-14 21:25:00,ETHUSDT,2075722.2510000000000000,4323002946.0451500000000000,1.88727125,1.22161200,1.83197614,1.10722300
2026-03-14 21:30:00,ETHUSDT,2074761.5290000000000000,4320071994.0443540000000000,1.88185957,1.21993700,1.82556375,0.44129900
2026-03-14 21:35:00,ETHUSDT,2074512.5890000000000000,4319487877.4381300000000000,1.88169998,1.21890100,1.82589365,0.69775600
2026-03-14 21:40:00,ETHUSDT,2074295.6670000000000000,4322355082.0245900000000000,1.88205959,1.21890900,1.82759729,2.75184200
2026-03-14 21:45:00,ETHUSDT,2074278.8070000000000000,4323509749.5558200000000000,1.88252533,1.21977900,1.82760036,2.47290100
2026-03-14 21:50:00,ETHUSDT,2074204.7810000000000000,4326666720.8791400000000000,1.88295816,1.21963600,1.82843575,1.13771900
2026-03-14 21:55:00,ETHUSDT,2073423.7080000000000000,4325587613.9722330000000000,1.88727818,1.22033000,1.83353617,1.06753600
2026-03-14 22:00:00,ETHUSDT,2073504.4310000000000000,4324210550.6732600000000000,1.88729227,1.22027800,1.83436549,0.83033900
2026-03-14 22:05:00,ETHUSDT,2074221.0250000000000000,4326990995.8320000000000000,1.89050091,1.22028000,1.83709435,0.77916100
2026-03-14 22:10:00,ETHUSDT,2074489.9400000000000000,4323651932.9480000000000000,1.89022942,1.21990200,1.83665360,0.59345200
2026-03-14 22:15:00,ETHUSDT,2074646.6700000000000000,4323599813.8197440000000000,1.88915271,1.21931400,1.83542628,1.11324200
2026-03-14 22:20:00,ETHUSDT,2075066.2160000000000000,4325205768.6439200000000000,1.88693616,1.21895100,1.83360143,0.69811900
2026-03-14 22:25:00,ETHUSDT,2075451.2080000000000000,4328395003.3081600000000000,1.88622605,1.21856600,1.83356268,1.06802300
2026-03-14 22:30:00,ETHUSDT,2075361.2070000000000000,4327615166.8665920000000000,1.88521522,1.21804600,1.83334524,1.81909800
2026-03-14 22:35:00,ETHUSDT,2075644.0500000000000000,4328900961.3585000000000000,1.88709577,1.21737300,1.83593513,0.74073500
2026-03-14 22:40:00,ETHUSDT,2076055.4990000000000000,4330464925.9190900000000000,1.88790708,1.21728300,1.83677885,1.14987400
2026-03-14 22:45:00,ETHUSDT,2076358.5370000000000000,4329279964.6630460000000000,1.87657501,1.21624200,1.82409463,0.65636600
2026-03-14 22:50:00,ETHUSDT,2076737.7970000000000000,4325597945.8203980000000000,1.87390320,1.21622900,1.82003760,0.77776300
2026-03-14 22:55:00,ETHUSDT,2077266.7720000000000000,4326334566.0774190000000000,1.87147947,1.21516700,1.81711531,0.91443400
2026-03-14 23:00:00,ETHUSDT,2076756.5020000000000000,4326901404.3519800000000000,1.86812779,1.21488200,1.81412356,1.19114400
2026-03-14 23:05:00,ETHUSDT,2074376.3600000000000000,4337803288.5614440000000000,1.87256549,1.21355400,1.82778245,2.05995000
2026-03-14 23:10:00,ETHUSDT,2066737.7470000000000000,4332894730.8361120000000000,1.85541982,1.21373800,1.82442283,1.40336600
2026-03-14 23:15:00,ETHUSDT,2063573.4310000000000000,4318790926.5369700000000000,1.85574186,1.20415100,1.82486564,0.76900600
2026-03-14 23:20:00,ETHUSDT,2060451.6710000000000000,4305313766.5545000000000000,1.87160856,1.19395300,1.83378948,1.13410100
2026-03-14 23:25:00,ETHUSDT,2060420.5210000000000000,4310203029.8677500000000000,1.87240412,1.19522400,1.83459594,1.16294700
2026-03-14 23:30:00,ETHUSDT,2060847.5410000000000000,4316074222.0671200000000000,1.87168859,1.19727100,1.83448450,0.80448900
2026-03-14 23:35:00,ETHUSDT,2061359.7000000000000000,4319455569.7680000000000000,1.87515220,1.19651400,1.83048679,1.20414000
2026-03-14 23:40:00,ETHUSDT,2061923.8050000000000000,4323854219.0850000000000000,1.87688466,1.19452300,1.83323119,0.97017700
2026-03-14 23:45:00,ETHUSDT,2061390.8860000000000000,4319890690.1271480000000000,1.87300103,1.19491900,1.82942849,1.28849400
2026-03-14 23:50:00,ETHUSDT,2061826.6490000000000000,4319691775.7869200000000000,1.86872743,1.19498900,1.82510462,0.93776100
2026-03-14 23:55:00,ETHUSDT,2062076.2290000000000000,4322091155.2217100000000000,1.86269333,1.19560900,1.82006238,1.21936200
2026-03-15 00:00:00,ETHUSDT,2062309.9530000000000000,4321116798.3218400000000000,1.86447103,1.19671000,1.82046228,0.72595100
