create_time,symbol,sum_open_interest,sum_open_interest_value,count_toptrader_long_short_ratio,sum_toptrader_long_short_ratio,count_long_short_ratio,sum_taker_long_short_vol_ratio
2026-06-21 00:05:00,ETHUSDT,2212499.9060000000000000,3844582002.6391850000000000,2.43796839,1.50051800,2.04850266,0.52528500
2026-06-21 00:10:00,ETHUSDT,2213187.2540000000000000,3844925952.6291200000000000,2.43491219,1.50152900,2.04610603,1.36943400
2026-06-21 00:15:00,ETHUSDT,2212959.7370000000000000,3845591540.1800094000000000,2.43482580,1.50128000,2.04625153,0.57843800
2026-06-21 00:20:00,ETHUSDT,2212775.9310000000000000,3843177522.7648873000000000,2.43469931,1.50077100,2.04461786,0.49985500
2026-06-21 00:25:00,ETHUSDT,2210984.2730000000000000,3837627512.4888300000000000,2.43821941,1.49950700,2.04606765,0.38532300
2026-06-21 00:30:00,ETHUSDT,2211808.8510000000000000,3841178802.4177490000000000,2.43736459,1.49751900,2.04555394,1.77006900
2026-06-21 00:35:00,ETHUSDT,2212432.6540000000000000,3842066298.2833200000000000,2.43110655,1.49611900,2.04126079,0.53090900
2026-06-21 00:40:00,ETHUSDT,2212905.6750000000000000,3846361999.0012500000000000,2.43392882,1.49724000,2.04368226,1.35509800
2026-06-21 00:45:00,ETHUSDT,2212749.0870000000000000,3844438600.1532200000000000,2.43635396,1.49737700,2.04505316,0.98772800
2026-06-21 00:50:00,ETHUSDT,2212636.1490000000000000,3845183712.1373367000000000,2.43522030,1.49630200,2.04453550,0.58813600
2026-06-21 00:55:00,ETHUSDT,2212554.5060000000000000,3841469594.1689940000000000,2.43621924,1.49805500,2.04571834,0.77542100
2026-06-21 01:00:00,ETHUSDT,2212491.6100000000000000,3843097926.5700000000000000,2.43465013,1.49785300,2.04313560,2.16970600
2026-06-21 01:05:00,ETHUSDT,2212625.1390000000000000,3840851726.2873200000000000,2.43427904,1.49717900,2.04399893,0.89934600
2026-06-21 01:10:00,ETHUSDT,2212720.1580000000000000,3841924672.1677012000000000,2.43399568,1.49600300,2.04250234,0.90224400
2026-06-21 01:15:00,ETHUSDT,2212509.5380000000000000,3837841169.7101800000000000,2.43340418,1.49584100,2.04283118,0.52451200
2026-06-21 01:20:00,ETHUSDT,2212602.6430000000000000,3839382992.1789510000000000,2.43352704,1.49544200,2.04240709,1.09167100
2026-06-21 01:25:00,ETHUSDT,2212225.5830000000000000,3835713217.9123664000000000,2.43457149,1.49385400,2.04272981,0.52064700
2026-06-21 01:30:00,ETHUSDT,2212987.0590000000000000,3838337534.3531400000000000,2.43170792,1.49312700,2.04092125,2.91894100
2026-06-21 01:35:00,ETHUSDT,2213138.7210000000000000,3841389140.8141200000000000,2.43176346,1.49386900,2.04070401,1.29180400
2026-06-21 01:40:00,ETHUSDT,2212875.2680000000000000,3840865473.9149200000000000,2.43569656,1.49442900,2.04502057,1.90525300
2026-06-21 01:45:00,ETHUSDT,2213179.5100000000000000,3843562459.6317000000000000,2.47086575,1.52141900,2.04336857,1.44208200
2026-06-21 01:50:00,ETHUSDT,2213309.4790000000000000,3845755067.2593120000000000,2.47497356,1.52234900,2.04683912,2.86361500
2026-06-21 01:55:00,ETHUSDT,2213676.9390000000000000,3846706416.9003000000000000,2.47839278,1.52268600,2.04968028,0.89367700
2026-06-21 02:00:00,ETHUSDT,2213736.1410000000000000,3843855876.4774575000000000,2.47832528,1.52250600,2.05001723,0.46337900
2026-06-21 02:05:00,ETHUSDT,2213922.7310000000000000,3846287056.0285535000000000,2.47639697,1.52168200,2.04985455,1.21787900
2026-06-21 02:10:00,ETHUSDT,2213985.3790000000000000,3845980421.4222700000000000,2.47634492,1.52095600,2.04984597,1.68972300
2026-06-21 02:15:00,ETHUSDT,2213960.0290000000000000,3844516773.4163470000000000,2.47510659,1.52057300,2.04916810,0.81327400
2026-06-21 02:20:00,ETHUSDT,2214252.5260000000000000,3845071653.9242600000000000,2.47463717,1.52085900,2.04834270,0.85777100
2026-06-21 02:25:00,ETHUSDT,2214360.3350000000000000,3843664525.8896500000000000,2.47381581,1.52041300,2.04831804,1.04943100
2026-06-21 02:30:00,ETHUSDT,2214426.9380000000000000,3844444462.7924200000000000,2.47461688,1.52046800,2.04850454,1.24861400
2026-06-21 02:35:00,ETHUSDT,2214268.8960000000000000,3844258658.4124800000000000,2.47316712,1.52041600,2.04752354,1.35149400
2026-06-21 02:40:00,ETHUSDT,2214633.8150000000000000,3844298391.5290856000000000,2.47458523,1.52141600,2.04823213,2.78075700
2026-06-21 02:45:00,ETHUSDT,2215044.9040000000000000,3845145883.8492100000000000,2.47273559,1.52367900,2.04705905,3.71912000
2026-06-21 02:50:00,ETHUSDT,2215051.2920000000000000,3847233987.0231200000000000,2.47449627,1.52390400,2.04873063,0.64509800
2026-06-21 02:55:00,ETHUSDT,2215339.5240000000000000,3845891426.0017905000000000,2.47610657,1.52366900,2.04957304,1.43768000
2026-06-21 03:00:00,ETHUSDT,2215347.9060000000000000,3844381835.1980400000000000,2.47642208,1.52289000,2.05044040,0.43447700
2026-06-21 03:05:00,ETHUSDT,2216084.9040000000000000,3841893432.9705600000000000,2.47914903,1.51838100,2.05083547,0.63659900
2026-06-21 03:10:00,ETHUSDT,2216720.5840000000000000,3843616155.0092800000000000,2.47901235,1.51726200,2.04950419,1.52849300
2026-06-21 03:15:00,ETHUSDT,2217284.2030000000000000,3847649221.0331420000000000,2.47875754,1.51663100,2.05008692,1.28182000
2026-06-21 03:20:00,ETHUSDT,2219238.6060000000000000,3853907570.7935400000000000,2.47584847,1.51795800,2.04795971,2.77761600
2026-06-21 03:25:00,ETHUSDT,2218742.9170000000000000,3855642691.4459200000000000,2.48289000,1.52050900,2.05580212,1.39883800
2026-06-21 03:30:00,ETHUSDT,2219918.7470000000000000,3853497290.4476533000000000,2.48535535,1.52277600,2.05672647,0.76274600
2026-06-21 03:35:00,ETHUSDT,2220265.5360000000000000,3857511544.9017600000000000,2.48743115,1.52184200,2.05903960,0.90519700
2026-06-21 03:40:00,ETHUSDT,2220592.8890000000000000,3859390441.0820000000000000,2.48671161,1.52115200,2.05870542,1.45465500
2026-06-21 03:45:00,ETHUSDT,2220245.0810000000000000,3859827521.0979860000000000,2.48752162,1.52191700,2.05918789,2.39036500
2026-06-21 03:50:00,ETHUSDT,2220630.9850000000000000,3861300292.0774918000000000,2.48727632,1.52178500,2.05886738,1.45753700
2026-06-21 03:55:00,ETHUSDT,2220766.4060000000000000,3858398184.7933006000000000,2.49044676,1.52146600,2.06194893,0.69578000
2026-06-21 04:00:00,ETHUSDT,2220747.7280000000000000,3857771915.6952000000000000,2.48979592,1.52133300,2.06195029,1.00581300
2026-06-21 04:05:00,ETHUSDT,2220864.7910000000000000,3856934288.6637063000000000,2.48817925,1.52090200,2.06201135,0.46244400
2026-06-21 04:10:00,ETHUSDT,2220856.8590000000000000,3854584677.0927124000000000,2.48585638,1.51947800,2.06010355,0.39131700
2026-06-21 04:15:00,ETHUSDT,2221075.5650000000000000,3854854329.1027000000000000,2.48585638,1.51686400,2.05819015,0.49452300
2026-06-21 04:20:00,ETHUSDT,2221196.8090000000000000,3857089869.3846345000000000,2.48715596,1.51735500,2.05828115,2.06811300
2026-06-21 04:25:00,ETHUSDT,2221335.3020000000000000,3859753648.7337623000000000,2.48845991,1.51582100,2.06078087,1.99106400
2026-06-21 04:30:00,ETHUSDT,2221059.7090000000000000,3861374235.5035290000000000,2.49067665,1.51605200,2.06140384,2.39279600
2026-06-21 04:35:00,ETHUSDT,2221404.0130000000000000,3864976414.1384400000000000,2.49346290,1.51679400,2.06400306,1.88288600
2026-06-21 04:40:00,ETHUSDT,2222785.7950000000000000,3863135028.1361500000000000,2.49817796,1.51518600,2.06841239,0.37308200
2026-06-21 04:45:00,ETHUSDT,2222778.3310000000000000,3860871828.8631050000000000,2.49911542,1.51525600,2.06870156,0.43022700
2026-06-21 04:50:00,ETHUSDT,2222691.2650000000000000,3858630321.4747280000000000,2.49754200,1.51505800,2.06662205,0.75807400
2026-06-21 04:55:00,ETHUSDT,2219452.7940000000000000,3845195673.9002194000000000,2.49994682,1.51496200,2.06566421,0.75168100
2026-06-21 05:00:00,ETHUSDT,2219153.6070000000000000,3843707196.5404200000000000,2.49576766,1.51736400,2.06282412,0.51998200
2026-06-21 05:05:00,ETHUSDT,2219538.4820000000000000,3842567514.5300880000000000,2.49840539,1.51833000,2.06285386,0.67249900
2026-06-21 05:10:00,ETHUSDT,2218868.6060000000000000,3841349708.0793200000000000,2.49728925,1.51861200,2.06047747,0.56653000
2026-06-21 05:15:00,ETHUSDT,2218559.3010000000000000,3840366049.7107487000000000,2.49650969,1.51823200,2.06085809,1.53007400
2026-06-21 05:20:00,ETHUSDT,2218942.1420000000000000,3840034702.6809400000000000,2.49525328,1.51769000,2.05957227,0.83976800
2026-06-21 05:25:00,ETHUSDT,2219093.6500000000000000,3847508350.1585107000000000,2.49975156,1.51512700,2.06221644,1.16365300
2026-06-21 05:30:00,ETHUSDT,2219206.0130000000000000,3848430689.3856215000000000,2.50159790,1.51509500,2.06357352,0.90589000
2026-06-21 05:35:00,ETHUSDT,2219669.8850000000000000,3850420328.6338300000000000,2.49959195,1.51474700,2.06176949,1.80123100
2026-06-21 05:40:00,ETHUSDT,2219826.4870000000000000,3849512102.4310500000000000,2.50060331,1.51362800,2.06179120,0.63595600
2026-06-21 05:45:00,ETHUSDT,2220003.4740000000000000,3848122958.9879910000000000,2.49996452,1.51386400,2.06039871,1.30384300
2026-06-21 05:50:00,ETHUSDT,2220264.1410000000000000,3847989162.1298776000000000,2.49794326,1.51399600,2.05924270,0.43901800
2026-06-21 05:55:00,ETHUSDT,2220442.3180000000000000,3845603845.1879454000000000,2.49445606,1.51296600,2.05735123,0.61682200
2026-06-21 06:00:00,ETHUSDT,2220483.3710000000000000,3847254818.4525337000000000,2.49341360,1.51297100,2.05696347,1.91191700
2026-06-21 06:05:00,ETHUSDT,2221416.0190000000000000,3850436041.6672080000000000,2.49367940,1.51214800,2.05843945,1.59497000
2026-06-21 06:10:00,ETHUSDT,2221666.1910000000000000,3850086852.3395033000000000,2.49117408,1.51185500,2.05627598,0.88127800
2026-06-21 06:15:00,ETHUSDT,2225530.9640000000000000,3859445840.1836690000000000,2.48532994,1.50909900,2.05250129,2.53725800
2026-06-21 06:20:00,ETHUSDT,2226023.1480000000000000,3859723796.5486800000000000,2.48582424,1.50891200,2.05344732,1.21154100
2026-06-21 06:25:00,ETHUSDT,2226324.6370000000000000,3862009198.7444143000000000,2.48528166,1.50905500,2.05344805,2.36146400
2026-06-21 06:30:00,ETHUSDT,2226201.5150000000000000,3863431080.7328615000000000,2.48565075,1.50940300,2.05503399,1.29229300
2026-06-21 06:35:00,ETHUSDT,2226154.0890000000000000,3864158267.6862000000000000,2.48551364,1.50897900,2.05534613,1.05791500
2026-06-21 06:40:00,ETHUSDT,2226381.1440000000000000,3867877981.8681500000000000,2.48810028,1.50977600,2.05806931,1.42828900
2026-06-21 06:45:00,ETHUSDT,2226690.3600000000000000,3866578963.2788944000000000,2.48827766,1.50996900,2.05863192,0.62054100
2026-06-21 06:50:00,ETHUSDT,2226764.3240000000000000,3864015060.8642400000000000,2.48697494,1.50946400,2.05757807,0.44776300
2026-06-21 06:55:00,ETHUSDT,2226650.2840000000000000,3865174425.4924600000000000,2.48632433,1.50930300,2.05722335,1.70497100
2026-06-21 07:00:00,ETHUSDT,2226972.8650000000000000,3864332394.2626000000000000,2.48466150,1.51027300,2.05597185,1.83181900
2026-06-21 07:05:00,ETHUSDT,2226893.1770000000000000,3860410728.5225587000000000,2.47884203,1.50901300,2.04636765,0.59478700
2026-06-21 07:10:00,ETHUSDT,2226811.6310000000000000,3861982260.1335254000000000,2.47879001,1.50837700,2.04561457,1.34590500
2026-06-21 07:15:00,ETHUSDT,2226715.5770000000000000,3862282702.6180400000000000,2.47754844,1.50884100,2.04443982,1.84046600
2026-06-21 07:20:00,ETHUSDT,2227119.6780000000000000,3862185451.8082490000000000,2.47912196,1.50922000,2.04518192,0.87010900
2026-06-21 07:25:00,ETHUSDT,2226576.5480000000000000,3858762928.7091470000000000,2.48343320,1.50963000,2.05178829,0.46606500
2026-06-21 07:30:00,ETHUSDT,2226590.4670000000000000,3857122959.4041920000000000,2.48578383,1.50981000,2.05219290,0.84614800
2026-06-21 07:35:00,ETHUSDT,2226719.5660000000000000,3859439420.5738400000000000,2.48578182,1.50903600,2.05159160,1.35850300
2026-06-21 07:40:00,ETHUSDT,2226629.8410000000000000,3858453199.1406174000000000,2.48806834,1.50950100,2.05260360,0.94749000
2026-06-21 07:45:00,ETHUSDT,2226612.8940000000000000,3860145177.5541600000000000,2.48775323,1.50898300,2.05291728,1.16008900
2026-06-21 07:50:00,ETHUSDT,2226858.7700000000000000,3859314108.6677850000000000,2.48770072,1.50836700,2.05327892,0.88885900
2026-06-21 07:55:00,ETHUSDT,2225775.8800000000000000,3853859072.9948020000000000,2.48738488,1.50891100,2.05257865,0.74160700
2026-06-21 08:00:00,ETHUSDT,2225744.8150000000000000,3853857926.3970310000000000,2.48539683,1.50865900,2.05193351,0.98727100
2026-06-21 08:05:00,ETHUSDT,2226701.1230000000000000,3856512742.9686200000000000,2.48553894,1.50840200,2.05243488,0.64643100
2026-06-21 08:10:00,ETHUSDT,2223955.9150000000000000,3845197537.4758500000000000,2.48644355,1.50764300,2.05038414,0.58962600
2026-06-21 08:15:00,ETHUSDT,2223728.4310000000000000,3847258043.9085460000000000,2.48524636,1.50723200,2.04898114,0.92880400
2026-06-21 08:20:00,ETHUSDT,2224458.2950000000000000,3846224325.4314537000000000,2.48224424,1.50518700,2.04700134,0.51733200
2026-06-21 08:25:00,ETHUSDT,2224508.8860000000000000,3846976687.0929600000000000,2.47898390,1.50277500,2.04394794,0.49957600
2026-06-21 08:30:00,ETHUSDT,2225004.7830000000000000,3845587016.6980500000000000,2.47728553,1.50142200,2.04311404,0.49532100
2026-06-21 08:35:00,ETHUSDT,2222297.8420000000000000,3836463879.5367000000000000,2.47818272,1.50408000,2.03995006,0.81879200
2026-06-21 08:40:00,ETHUSDT,2218792.6470000000000000,3828060765.9426300000000000,2.48740001,1.50564300,2.04518873,0.67642400
2026-06-21 08:45:00,ETHUSDT,2219128.8390000000000000,3833950997.9231696000000000,2.49154945,1.50641000,2.04860623,1.71525700
2026-06-21 08:50:00,ETHUSDT,2220294.7280000000000000,3833161224.3137600000000000,2.49384904,1.50575400,2.04910528,0.58551000
2026-06-21 08:55:00,ETHUSDT,2220731.0600000000000000,3835491235.6578000000000000,2.49608170,1.50511700,2.05077598,1.33830100
2026-06-21 09:00:00,ETHUSDT,2220967.1420000000000000,3838475301.8471800000000000,2.49856296,1.50499600,2.05299071,2.85112500
2026-06-21 09:05:00,ETHUSDT,2221388.7970000000000000,3839648321.7265300000000000,2.50285856,1.50654500,2.05743584,1.04370500
2026-06-21 09:10:00,ETHUSDT,2221464.3800000000000000,3837139386.1777320000000000,2.50328492,1.50700600,2.05714449,0.69748700
2026-06-21 09:15:00,ETHUSDT,2221316.4620000000000000,3835471162.4693590000000000,2.50319534,1.50698000,2.05703697,0.71801600
2026-06-21 09:20:00,ETHUSDT,2222488.7150000000000000,3835022017.9393077000000000,2.50417184,1.50192400,2.05701529,1.01788900
2026-06-21 09:25:00,ETHUSDT,2222497.7970000000000000,3838498170.1766700000000000,2.50602025,1.50265800,2.05755642,1.19865700
2026-06-21 09:30:00,ETHUSDT,2220842.4670000000000000,3837749033.5240200000000000,2.51254404,1.50633700,2.06432815,1.01765600
2026-06-21 09:35:00,ETHUSDT,2220829.9450000000000000,3841525013.9626500000000000,2.52183842,1.50681700,2.07130863,1.34937100
2026-06-21 09:40:00,ETHUSDT,2221063.6640000000000000,3848209274.1165395000000000,2.52853873,1.50692400,2.07856569,1.28496300
2026-06-21 09:45:00,ETHUSDT,2222532.7200000000000000,3845987603.1645890000000000,2.53291783,1.50822200,2.08057598,0.51852600
2026-06-21 09:50:00,ETHUSDT,2222331.7720000000000000,3847723006.7230800000000000,2.53404735,1.50848200,2.08151269,0.97027400
2026-06-21 09:55:00,ETHUSDT,2222568.0120000000000000,3849732279.2653200000000000,2.53682928,1.50851300,2.08330620,0.99510900
2026-06-21 10:00:00,ETHUSDT,2222232.1770000000000000,3848861685.9204600000000000,2.53860498,1.50680200,2.08448249,1.02291900
2026-06-21 10:05:00,ETHUSDT,2222279.5170000000000000,3847676978.5289700000000000,2.53874287,1.50783400,2.08316267,1.07094200
2026-06-21 10:10:00,ETHUSDT,2222184.2680000000000000,3852000875.6792400000000000,2.53791274,1.50718700,2.08170916,1.55170800
2026-06-21 10:15:00,ETHUSDT,2223048.4330000000000000,3853576996.5717740000000000,2.53258885,1.51212800,2.07789928,1.06717500
2026-06-21 10:20:00,ETHUSDT,2223546.4550000000000000,3854206483.2388000000000000,2.53224537,1.51191400,2.07748951,1.22801200
2026-06-21 10:25:00,ETHUSDT,2221955.7020000000000000,3855290345.8491464000000000,2.53293220,1.51040700,2.08200608,2.67171500
2026-06-21 10:30:00,ETHUSDT,2222912.9100000000000000,3853819653.8088000000000000,2.53125783,1.50943300,2.08098558,0.69494100
2026-06-21 10:35:00,ETHUSDT,2222706.1080000000000000,3850387501.8303757000000000,2.53231177,1.50891400,2.08007637,0.77455000
2026-06-21 10:40:00,ETHUSDT,2224200.4320000000000000,3852674244.5163083000000000,2.53436482,1.50768700,2.08188832,0.61512700
2026-06-21 10:45:00,ETHUSDT,2224807.4490000000000000,3852662235.6662965000000000,2.53367226,1.50859500,2.08131012,0.93379700
2026-06-21 10:50:00,ETHUSDT,2225299.0540000000000000,3856176224.6955200000000000,2.53411613,1.50930400,2.08005264,2.06049600
2026-06-21 10:55:00,ETHUSDT,2225178.4760000000000000,3853492240.7998776000000000,2.53806470,1.50970100,2.08342718,0.31894800
2026-06-21 11:00:00,ETHUSDT,2225567.2640000000000000,3851499940.0604800000000000,2.53401811,1.51121300,2.08023338,0.96696000
2026-06-21 11:05:00,ETHUSDT,2225788.1550000000000000,3852387651.1024910000000000,2.54099125,1.51321600,2.08173737,0.80700500
2026-06-21 11:10:00,ETHUSDT,2225893.0370000000000000,3854273006.7923920000000000,2.53811145,1.51349500,2.07935419,1.06359100
2026-06-21 11:15:00,ETHUSDT,2226375.4080000000000000,3855673034.9678187000000000,2.54134395,1.51397400,2.08153303,0.77633700
2026-06-21 11:20:00,ETHUSDT,2207269.2870000000000000,3800652839.8995600000000000,2.57417503,1.49396900,2.09824805,0.74520500
2026-06-21 11:25:00,ETHUSDT,2208068.2430000000000000,3809293090.7763100000000000,2.57118459,1.49504200,2.09534561,1.29835000
2026-06-21 11:30:00,ETHUSDT,2208100.6570000000000000,3813388585.0969190000000000,2.57317295,1.49617800,2.09728332,1.27664600
2026-06-21 11:35:00,ETHUSDT,2208523.7910000000000000,3807870464.7284700000000000,2.57097746,1.49732400,2.09309621,0.68113000
2026-06-21 11:40:00,ETHUSDT,2208604.3770000000000000,3810334916.7736273000000000,2.56957847,1.49735800,2.09300760,0.96739400
2026-06-21 11:45:00,ETHUSDT,2208911.8490000000000000,3812417217.7942590000000000,2.57138709,1.49747400,2.09280194,1.00678700
2026-06-21 11:50:00,ETHUSDT,2209045.9220000000000000,3813942152.3406560000000000,2.56872485,1.50055200,2.09042380,1.62212300
2026-06-21 11:55:00,ETHUSDT,2208476.8110000000000000,3809048295.0041400000000000,2.56636110,1.49845600,2.08779468,0.85671900
2026-06-21 12:00:00,ETHUSDT,2208735.9290000000000000,3808920934.8419200000000000,2.56555596,1.49856200,2.08708490,0.76237300
2026-06-21 12:05:00,ETHUSDT,2210059.4020000000000000,3811326618.4145920000000000,2.55888728,1.49534900,2.08422020,0.67465000
2026-06-21 12:10:00,ETHUSDT,2211689.4660000000000000,3813240159.0145800000000000,2.56220182,1.49150600,2.08610526,2.01901900
2026-06-21 12:15:00,ETHUSDT,2211039.7310000000000000,3805951130.5595400000000000,2.56087774,1.49356900,2.08244406,0.50961800
2026-06-21 12:20:00,ETHUSDT,2212782.4580000000000000,3804661040.0581784000000000,2.58837623,1.49298400,2.10104129,0.66327600
2026-06-21 12:25:00,ETHUSDT,2213625.1140000000000000,3805199434.7148600000000000,2.57891302,1.49353700,2.09217005,1.36697200
2026-06-21 12:30:00,ETHUSDT,2214673.9900000000000000,3805917251.8150000000000000,2.57947380,1.49291400,2.09374042,1.27740600
2026-06-21 12:35:00,ETHUSDT,2213504.3930000000000000,3802880130.3820586000000000,2.58058203,1.49601300,2.09490156,1.91812200
2026-06-21 12:40:00,ETHUSDT,2212456.4750000000000000,3802172825.9817500000000000,2.58927793,1.49735800,2.10107812,0.62241400
2026-06-21 12:45:00,ETHUSDT,2212209.8980000000000000,3804293942.3035890000000000,2.60393658,1.50086000,2.10788589,2.45339500
2026-06-21 12:50:00,ETHUSDT,2212801.9680000000000000,3807755836.4508920000000000,2.61244246,1.50053100,2.11539350,1.17585000
2026-06-21 12:55:00,ETHUSDT,2214547.2970000000000000,3816565712.6299060000000000,2.63735738,1.49528200,2.13447186,1.81133800
2026-06-21 13:00:00,ETHUSDT,2224217.5240000000000000,3837178881.2752705000000000,2.64426907,1.50821300,2.13768018,0.57355500
2026-06-21 13:05:00,ETHUSDT,2223754.5720000000000000,3833041280.6649600000000000,2.64765423,1.51031200,2.14987025,0.92568200
2026-06-21 13:10:00,ETHUSDT,2231020.9310000000000000,3849578173.8814416000000000,2.64152683,1.51681400,2.14753875,1.15495800
2026-06-21 13:15:00,ETHUSDT,2231732.9470000000000000,3850207167.0883580000000000,2.63161957,1.51545200,2.14247939,1.19782800
2026-06-21 13:20:00,ETHUSDT,2231167.7090000000000000,3852378789.7135800000000000,2.62628819,1.51246700,2.13981250,2.13014100
2026-06-21 13:25:00,ETHUSDT,2230756.6120000000000000,3848032848.1338800000000000,2.62291239,1.51168800,2.13625092,0.86374600
2026-06-21 13:30:00,ETHUSDT,2230607.6800000000000000,3848467430.3040000000000000,2.60533626,1.51016700,2.12468563,0.93057000
2026-06-21 13:35:00,ETHUSDT,2228340.0040000000000000,3837892272.2892400000000000,2.59981027,1.51094200,2.12001700,0.45088900
2026-06-21 13:40:00,ETHUSDT,2228156.0390000000000000,3836795170.8902460000000000,2.59664723,1.50948500,2.11861529,0.86231000
2026-06-21 13:45:00,ETHUSDT,2228387.2300000000000000,3837420207.2021756000000000,2.59536646,1.50936100,2.11568847,1.42838600
2026-06-21 13:50:00,ETHUSDT,2228458.4700000000000000,3838028762.7111980000000000,2.59589191,1.50914200,2.11650037,1.86102200
2026-06-21 13:55:00,ETHUSDT,2228772.7320000000000000,3841178364.9654000000000000,2.59624208,1.50886600,2.11648728,2.75858700
2026-06-21 14:00:00,ETHUSDT,2228670.8600000000000000,3842908911.9352780000000000,2.59806172,1.50825000,2.11853992,1.32562400
2026-06-21 14:05:00,ETHUSDT,2228791.4570000000000000,3842372700.7953157000000000,2.59628753,1.50967400,2.11756668,0.94431300
2026-06-21 14:10:00,ETHUSDT,2228553.7390000000000000,3838639244.3527200000000000,2.59406481,1.50983200,2.11594147,0.86602100
2026-06-21 14:15:00,ETHUSDT,2228744.5120000000000000,3839346733.5968000000000000,2.59086781,1.50882600,2.11422919,0.86095600
2026-06-21 14:20:00,ETHUSDT,2229228.1540000000000000,3838396496.9649000000000000,2.58891229,1.50747600,2.11106421,0.64906300
2026-06-21 14:25:00,ETHUSDT,2229736.7140000000000000,3843664742.3274800000000000,2.58699517,1.50718100,2.11075737,1.05410100
2026-06-21 14:30:00,ETHUSDT,2229783.3870000000000000,3838750483.3914600000000000,2.58691786,1.50730300,2.10958536,0.79711700
2026-06-21 14:35:00,ETHUSDT,2229859.5850000000000000,3838725574.1733500000000000,2.58472978,1.50759900,2.10804752,1.19896900
2026-06-21 14:40:00,ETHUSDT,2230177.6540000000000000,3844836904.0097580000000000,2.58438497,1.50818900,2.10749105,1.03689400
2026-06-21 14:45:00,ETHUSDT,2230936.1880000000000000,3847485191.8039684000000000,2.58526148,1.50702200,2.11031667,1.09729300
2026-06-21 14:50:00,ETHUSDT,2230342.6140000000000000,3845556735.0588000000000000,2.58407946,1.50650200,2.10890843,0.47435500
2026-06-21 14:55:00,ETHUSDT,2231425.9700000000000000,3848336707.6082330000000000,2.58499529,1.50833400,2.10872229,1.75094500
2026-06-21 15:00:00,ETHUSDT,2231489.4230000000000000,3855612054.8478600000000000,2.58056692,1.50982800,2.10855710,2.56478800
2026-06-21 15:05:00,ETHUSDT,2229986.0130000000000000,3856805409.2037600000000000,2.57461580,1.51486500,2.11093214,1.51123300
2026-06-21 15:10:00,ETHUSDT,2229229.5030000000000000,3855608696.1654590000000000,2.57105729,1.51469700,2.10813553,0.72897400
2026-06-21 15:15:00,ETHUSDT,2229281.3000000000000000,3852660613.1140970000000000,2.56763189,1.51225600,2.10671461,0.60069900
2026-06-21 15:20:00,ETHUSDT,2229378.4250000000000000,3854885116.0202500000000000,2.56692261,1.51188800,2.10652290,1.67803700
2026-06-21 15:25:00,ETHUSDT,2231952.2080000000000000,3857502673.4015636000000000,2.56304003,1.51017100,2.10261500,0.22174600
2026-06-21 15:30:00,ETHUSDT,2231467.6150000000000000,3861951891.6990960000000000,2.55461339,1.50880400,2.09824782,1.90368400
2026-06-21 15:35:00,ETHUSDT,2231484.0280000000000000,3858459032.8148000000000000,2.54995874,1.50819700,2.09549834,0.73887400
2026-06-21 15:40:00,ETHUSDT,2231898.3570000000000000,3861264296.5318294000000000,2.54811415,1.50847900,2.09353065,1.89542400
2026-06-21 15:45:00,ETHUSDT,2231665.2540000000000000,3860803206.0725400000000000,2.54673165,1.50643700,2.09425169,1.07634000
2026-06-21 15:50:00,ETHUSDT,2234189.7420000000000000,3864254577.7632000000000000,2.54378804,1.50706400,2.09078302,0.68043100
2026-06-21 15:55:00,ETHUSDT,2234467.3560000000000000,3865633102.9629320000000000,2.53791723,1.50608500,2.08634976,1.18932300
2026-06-21 16:00:00,ETHUSDT,2234605.1710000000000000,3865643485.3129000000000000,2.53383539,1.50533500,2.08322603,0.86617500
2026-06-21 16:05:00,ETHUSDT,2234049.2380000000000000,3864134833.0615287000000000,2.53480900,1.50090800,2.08076414,0.37846200
2026-06-21 16:10:00,ETHUSDT,2232918.8310000000000000,3856943025.9746100000000000,2.53367376,1.49791200,2.07858372,0.62131200
2026-06-21 16:15:00,ETHUSDT,2233666.1110000000000000,3856938283.8470300000000000,2.53037767,1.49452000,2.07401462,0.49592700
2026-06-21 16:20:00,ETHUSDT,2233702.0610000000000000,3856720072.2871585000000000,2.52804339,1.49498000,2.07277943,2.55996000
2026-06-21 16:25:00,ETHUSDT,2234319.1120000000000000,3859294715.7753600000000000,2.52957555,1.49518200,2.07480925,1.33188300
2026-06-21 16:30:00,ETHUSDT,2234161.5810000000000000,3856363963.3482900000000000,2.53388861,1.49485700,2.07707136,0.83855500
2026-06-21 16:35:00,ETHUSDT,2232642.7300000000000000,3844300062.9656386000000000,2.53777507,1.49241500,2.07881577,0.72737000
2026-06-21 16:40:00,ETHUSDT,2232649.3980000000000000,3844842014.9094014000000000,2.53827125,1.49371900,2.07895833,1.42703400
2026-06-21 16:45:00,ETHUSDT,2232994.4770000000000000,3850620336.0283400000000000,2.53831816,1.49617000,2.07971440,2.83888400
2026-06-21 16:50:00,ETHUSDT,2233939.9850000000000000,3857739856.5524216000000000,2.53608543,1.49958200,2.07930825,1.95641200
2026-06-21 16:55:00,ETHUSDT,2233762.4540000000000000,3858656466.4132030000000000,2.53732253,1.50100700,2.08033430,1.57890600
2026-06-21 17:00:00,ETHUSDT,2235516.9720000000000000,3861721438.1116800000000000,2.53473541,1.50278800,2.07900070,1.73030200
2026-06-21 17:05:00,ETHUSDT,2235876.3660000000000000,3866127244.3923645000000000,2.53375354,1.50391900,2.07902212,1.09382500
2026-06-21 17:10:00,ETHUSDT,2236569.7720000000000000,3867722472.4173200000000000,2.53337151,1.50701000,2.07900216,1.56694600
2026-06-21 17:15:00,ETHUSDT,2236659.6130000000000000,3868077591.6060000000000000,2.53156633,1.50811700,2.07850630,3.14705400
2026-06-21 17:20:00,ETHUSDT,2236906.1250000000000000,3863544376.2717204000000000,2.52792368,1.51020300,2.07458965,1.66485500
2026-06-21 17:25:00,ETHUSDT,2236918.3840000000000000,3862956726.5134400000000000,2.52733119,1.51002300,2.07336921,0.90269800
2026-06-21 17:30:00,ETHUSDT,2236852.9710000000000000,3860785859.4162900000000000,2.52704151,1.50962900,2.07298843,1.34478000
2026-06-21 17:35:00,ETHUSDT,2237112.3360000000000000,3860929967.2187370000000000,2.52741048,1.50955500,2.07316521,0.71565000
2026-06-21 17:40:00,ETHUSDT,2237320.2210000000000000,3861130555.7537146000000000,2.52555814,1.51015100,2.07096653,1.33833700
2026-06-21 17:45:00,ETHUSDT,2237359.0560000000000000,3862584392.2945733000000000,2.52439460,1.50681200,2.07064879,1.45051200
2026-06-21 17:50:00,ETHUSDT,2238060.2070000000000000,3867233754.0835800000000000,2.52518937,1.50718900,2.07201600,1.77050700
2026-06-21 17:55:00,ETHUSDT,2237856.7380000000000000,3865191479.7770452000000000,2.52455971,1.50765900,2.07223144,0.80311900
2026-06-21 18:00:00,ETHUSDT,2237932.8730000000000000,3864153858.5324416000000000,2.52621796,1.50757800,2.07280684,1.23220700
2026-06-21 18:05:00,ETHUSDT,2236696.5070000000000000,3850356745.9165340000000000,2.53409580,1.50683700,2.07846104,0.86091700
2026-06-21 18:10:00,ETHUSDT,2237346.7660000000000000,3853491722.2540894000000000,2.53959134,1.50908300,2.08139579,1.28815500
2026-06-21 18:15:00,ETHUSDT,2237839.9630000000000000,3855566405.6228776000000000,2.54276269,1.50926600,2.08282679,0.85559100
2026-06-21 18:20:00,ETHUSDT,2238086.9660000000000000,3858238120.6874000000000000,2.54294853,1.50945300,2.08526809,1.51603200
2026-06-21 18:25:00,ETHUSDT,2238336.2310000000000000,3859616518.8040890000000000,2.54307897,1.51018900,2.08518097,2.01432800
2026-06-21 18:30:00,ETHUSDT,2238279.0010000000000000,3861299523.1823435000000000,2.54422869,1.51048800,2.08675868,1.02673400
2026-06-21 18:35:00,ETHUSDT,2237305.2220000000000000,3876048464.7820663000000000,2.54459772,1.52495200,2.10001150,2.23508700
2026-06-21 18:40:00,ETHUSDT,2237689.5480000000000000,3878259983.7444640000000000,2.54348924,1.52402600,2.09914428,0.69030600
2026-06-21 18:45:00,ETHUSDT,2238013.8540000000000000,3879820817.2944000000000000,2.54008941,1.52434800,2.09633694,0.57712500
2026-06-21 18:50:00,ETHUSDT,2238144.1770000000000000,3882877268.9361240000000000,2.53460002,1.52290400,2.09404778,1.12920500
2026-06-21 18:55:00,ETHUSDT,2237988.3400000000000000,3882909769.9000000000000000,2.52686551,1.52058000,2.08781120,1.89292000
2026-06-21 19:00:00,ETHUSDT,2237959.1690000000000000,3882125437.2365740000000000,2.52518115,1.51999500,2.08607696,0.52915100
2026-06-21 19:05:00,ETHUSDT,2235744.7160000000000000,3877365230.8717585000000000,2.52831273,1.51867800,2.08923975,2.78957800
2026-06-21 19:10:00,ETHUSDT,2235179.3980000000000000,3876471629.9514000000000000,2.52279821,1.51761500,2.08544828,0.77297300
2026-06-21 19:15:00,ETHUSDT,2235028.3530000000000000,3879504134.8636584000000000,2.52180149,1.51740600,2.08498735,1.12711000
2026-06-21 19:20:00,ETHUSDT,2234774.5030000000000000,3875512300.2261906000000000,2.52147723,1.51696400,2.08362495,0.46476900
2026-06-21 19:25:00,ETHUSDT,2234614.1750000000000000,3875312594.5685000000000000,2.52256259,1.51544900,2.08345220,0.45970300
2026-06-21 19:30:00,ETHUSDT,2234693.1920000000000000,3873617179.0128000000000000,2.51803431,1.51502800,2.08070522,0.41081900
2026-06-21 19:35:00,ETHUSDT,2235494.8510000000000000,3875655068.2301900000000000,2.51848535,1.51384700,2.07977592,1.26101000
2026-06-21 19:40:00,ETHUSDT,2235485.1390000000000000,3876621844.0940700000000000,2.51551483,1.51335200,2.07796816,3.17392300
2026-06-21 19:45:00,ETHUSDT,2235772.7740000000000000,3876899975.0131770000000000,2.51675378,1.51255800,2.07896984,0.82169900
2026-06-21 19:50:00,ETHUSDT,2235628.6620000000000000,3878899246.4254413000000000,2.51441448,1.51242100,2.07793858,1.24803000
2026-06-21 19:55:00,ETHUSDT,2235894.3620000000000000,3876683080.6100800000000000,2.51464645,1.51306100,2.07807848,1.28401300
2026-06-21 20:00:00,ETHUSDT,2236132.1590000000000000,3876133845.7321900000000000,2.51487946,1.51191400,2.07823020,0.36378500
2026-06-21 20:05:00,ETHUSDT,2235648.9130000000000000,3873999505.9137900000000000,2.51478740,1.51222900,2.07854813,0.61494900
2026-06-21 20:10:00,ETHUSDT,2235621.3830000000000000,3873437608.1858000000000000,2.51543442,1.51252600,2.07783444,1.04221700
2026-06-21 20:15:00,ETHUSDT,2234010.0450000000000000,3866737879.6395340000000000,2.51916738,1.50845500,2.08073060,0.25614600
2026-06-21 20:20:00,ETHUSDT,2231767.6950000000000000,3858614756.2702500000000000,2.52027681,1.50719500,2.08174201,0.57719800
2026-06-21 20:25:00,ETHUSDT,2231611.5340000000000000,3861045011.6654400000000000,2.52043597,1.50738900,2.08126947,1.58147300
2026-06-21 20:30:00,ETHUSDT,2231730.6390000000000000,3860827053.5508300000000000,2.52184362,1.50731600,2.08243877,0.59685500
2026-06-21 20:35:00,ETHUSDT,2231184.6080000000000000,3853619587.5878196000000000,2.52604541,1.50737300,2.08452365,0.37400400
2026-06-21 20:40:00,ETHUSDT,2230526.1090000000000000,3851315600.8437600000000000,2.52788264,1.50759600,2.08548488,0.67276100
2026-06-21 20:45:00,ETHUSDT,2229309.1270000000000000,3850135534.1608615000000000,2.52484639,1.50698500,2.08245717,1.56618900
2026-06-21 20:50:00,ETHUSDT,2221111.3430000000000000,3818338147.2399320000000000,2.56557736,1.50925400,2.10715180,0.53418800
2026-06-21 20:55:00,ETHUSDT,2221098.2860000000000000,3820200207.9885600000000000,2.56857310,1.51855200,2.10811955,1.31822600
2026-06-21 21:00:00,ETHUSDT,2219675.6850000000000000,3818907622.5288000000000000,2.56739321,1.52227700,2.10892651,1.71343800
2026-06-21 21:05:00,ETHUSDT,2218498.0260000000000000,3817881630.8461930000000000,2.56272284,1.52310400,2.10739261,1.95159100
2026-06-21 21:10:00,ETHUSDT,2204636.0650000000000000,3754268047.1746230000000000,2.63917142,1.52010400,2.15124043,0.37153900
2026-06-21 21:15:00,ETHUSDT,2195104.2050000000000000,3752486736.3634000000000000,2.64436369,1.52675100,2.14739884,1.29339000
2026-06-21 21:20:00,ETHUSDT,2192575.2750000000000000,3743739661.0682497000000000,2.64810791,1.51066900,2.14780029,1.15742700
2026-06-21 21:25:00,ETHUSDT,2197683.0040000000000000,3765883665.1642800000000000,2.64073132,1.52519500,2.14538067,1.92894000
2026-06-21 21:30:00,ETHUSDT,2198866.8260000000000000,3768902398.9251456000000000,2.62951235,1.52447600,2.14012178,1.53574600
2026-06-21 21:35:00,ETHUSDT,2196802.8880000000000000,3769647851.7213600000000000,2.62937714,1.53136900,2.14012178,0.61763700
2026-06-21 21:40:00,ETHUSDT,2200521.2150000000000000,3790564914.2158350000000000,2.62321754,1.54095900,2.13762367,2.02073100
2026-06-21 21:45:00,ETHUSDT,2200489.6200000000000000,3784602275.9776254000000000,2.61946014,1.54133700,2.13563965,1.07180600
2026-06-21 21:50:00,ETHUSDT,2201184.9840000000000000,3787701381.0302367000000000,2.61763941,1.54152800,2.13461200,0.68072700
2026-06-21 21:55:00,ETHUSDT,2200881.5900000000000000,3780058404.3753114000000000,2.61446543,1.54142900,2.13202500,0.78327400
2026-06-21 22:00:00,ETHUSDT,2201162.8630000000000000,3781092247.8301150000000000,2.61299058,1.54179000,2.13086246,0.66633700
2026-06-21 22:05:00,ETHUSDT,2203445.1400000000000000,3787193368.8264000000000000,2.61692411,1.54542900,2.13061631,1.42422300
2026-06-21 22:10:00,ETHUSDT,2201648.0020000000000000,3771246895.5858400000000000,2.61538462,1.54083000,2.12985316,0.78480800
2026-06-21 22:15:00,ETHUSDT,2208617.3960000000000000,3789280693.9692800000000000,2.60671330,1.53971600,2.12351923,2.29623500
2026-06-21 22:20:00,ETHUSDT,2213189.2030000000000000,3798142518.8364200000000000,2.60432532,1.53441600,2.12234704,3.44786300
2026-06-21 22:25:00,ETHUSDT,2212792.5220000000000000,3797948573.0599200000000000,2.60235668,1.53269300,2.12187731,0.94470000
2026-06-21 22:30:00,ETHUSDT,2212391.1210000000000000,3791109177.1231800000000000,2.60454713,1.53218800,2.12255683,0.61701600
2026-06-21 22:35:00,ETHUSDT,2212645.3060000000000000,3786930451.7791450000000000,2.60413202,1.52511500,2.12305420,1.09947200
2026-06-21 22:40:00,ETHUSDT,2212998.9420000000000000,3787768989.1272000000000000,2.60186074,1.52483900,2.12182810,1.25879700
2026-06-21 22:45:00,ETHUSDT,2214612.9990000000000000,3796012587.4208746000000000,2.60293194,1.52610600,2.12184140,2.01161900
2026-06-21 22:50:00,ETHUSDT,2214915.0410000000000000,3798129891.3566930000000000,2.60370808,1.52608400,2.12206482,1.58010100
2026-06-21 22:55:00,ETHUSDT,2214527.9590000000000000,3803230539.9667277000000000,2.60488309,1.52718900,2.12433986,2.18119100
2026-06-21 23:00:00,ETHUSDT,2215201.5800000000000000,3803501112.8600000000000000,2.60388292,1.52673100,2.12474279,1.26510400
2026-06-21 23:05:00,ETHUSDT,2214876.0020000000000000,3792299066.8222490000000000,2.60911980,1.52589700,2.12757114,0.83896500
2026-06-21 23:10:00,ETHUSDT,2215471.5080000000000000,3798601558.1566700000000000,2.61403898,1.52326200,2.13050489,1.66511600
2026-06-21 23:15:00,ETHUSDT,2215593.1120000000000000,3791101373.9432000000000000,2.61637198,1.52331800,2.13485788,1.00651200
2026-06-21 23:20:00,ETHUSDT,2216304.9520000000000000,3794001527.2745147000000000,2.61902295,1.52398200,2.13478522,0.96749600
2026-06-21 23:25:00,ETHUSDT,2215893.6880000000000000,3800041668.2294397000000000,2.61670426,1.52380600,2.13280841,1.38577500
2026-06-21 23:30:00,ETHUSDT,2215960.8820000000000000,3795586437.1248800000000000,2.61915853,1.52375500,2.13575003,0.75556100
2026-06-21 23:35:00,ETHUSDT,2215453.1210000000000000,3781224614.2667500000000000,2.64348605,1.52254900,2.14582887,0.69594600
2026-06-21 23:40:00,ETHUSDT,2216469.3380000000000000,3784071160.4217920000000000,2.64743877,1.52492800,2.14647360,1.15822200
2026-06-21 23:45:00,ETHUSDT,2215896.1160000000000000,3779778043.7019525000000000,2.65091520,1.52891100,2.14865708,0.85825900
2026-06-21 23:50:00,ETHUSDT,2216404.8530000000000000,3783497650.6854490000000000,2.65251831,1.52955200,2.15026119,1.28658900
2026-06-21 23:55:00,ETHUSDT,2217093.4610000000000000,3780135688.8651896000000000,2.65839695,1.53087300,2.15499170,1.06069100
2026-06-22 00:00:00,ETHUSDT,2217105.4730000000000000,3783100558.2448310000000000,2.66080054,1.52875500,2.15708902,0.88524900
